team_key,school_key,college_name,team_name,shape_rank,preferred_region,admitted_region,seed_rank_in_region,seed_tier,ranking_source,ranking_global_rank,ranking_score,rank_score_2024_damped_component,rank_score_2025_damped_component,z_25game,robot_stage_count,robot_stage_reliability,z_robot25_raw_unshrunk,robot_raw_score,z_robot25_raw,z_26rmul_raw,z_26rmul,rmul_reliability,z_form,z_hist,tilde_z_hist,n_matches_2024_rmuc,n_matches_2025_rmuc,n_matches_2026_rmul,n_eff,n_eff_history,H,prior_score,prior_mu,long_term_mu,history_mu,history_weight,recent_form_mu,recent_form_mu_calibrated,recent_anchor_mu,recent_momentum,recent_level_gap,level_adjustment,momentum_adjustment,shape_adjustment,level_weight,momentum_weight,recent_weight,recent_reliability,recent_adjustment,peer_match_count,peer_consistency_adjustment,new_school_compensation,old_history_decay,recent_gap,level_gap,history_mu_start_2024,history_mu_end_2024,history_mu_start_2025,history_mu_end_2025,history_mu_start_2026_rmul,history_mu_end_2026_rmul,recent_form_mu_start_2025,recent_form_mu_end_2025,recent_form_mu_start_2026_rmul,recent_form_mu_end_2026_rmul,coverage_2025,effective_scale_2024,effective_rho_2024_to_2025,effective_rho_2025_to_2026,group_summary_2024_damped_component,evidence_mu,evidence_weight,disagreement_mu,rating_model_version,mu0,sigma0
西安交通大学::笃行,西安交通大学,西安交通大学,笃行,1,北部赛区,北部赛区,3,tier1,1884,10,18.8,0.808524,1.2,3.0,4,0.852803,0.535318,0.45652,1.055168,1.482207,0.768555,0.518521,2.484125,1.94777,3.0,11,15,7,20.2,20.2,1.94777,2.484125,1698.730018,1715.589629,1715.589629,0.87069,1719.9001,1719.9001,1609.39622,110.50388,4.310471,0.751117,42.931631,6.0,0.174254,0.388508,0.388508,0.856349,43.682748,16,0.717426,0.0,0.0,110.50388,4.310471,1518.393925,1557.765471,1577.487241,1603.595838,1703.390659,1715.589629,1566.012842,1609.39622,1689.917176,1719.9001,0.888523,22.75,0.2352,0.835212,0.88194,1715.589629,0.87069,132.391387,dynamic_school_elo_v4_balance_adjusted,1765.989802,57.734922
东莞理工学院::ACE,东莞理工学院,东莞理工学院,ACE,2,南部赛区,南部赛区,18,unseeded,1884,61,8.61,-0.159111,0.274445,0.500153,1,0.632456,0.046098,0.029155,-0.01652,3.0,1.510464,0.503488,2.122852,0.34189,3.0,8,5,6,9.1,9.1,0.34189,2.122852,1669.828181,1579.08046,1579.08046,0.752066,1609.856754,1609.856754,1501.005972,108.850782,30.776294,5.245371,41.458092,6.0,0.170435,0.380871,0.380871,0.760886,46.703464,10,3.438807,0.0,0.0,108.850782,30.776294,1496.380233,1474.271568,1506.257793,1501.443517,1521.524794,1579.08046,1507.837593,1501.005972,1517.133842,1609.856754,0.745356,22.75,0.2352,0.700635,-0.147581,1579.08046,0.752066,233.813604,dynamic_school_elo_v4_balance_adjusted,1635.22273,65.320213
华南农业大学::Taurus,华南农业大学,华南农业大学,Taurus,3,南部赛区,南部赛区,3,tier1,1884,5,20.1,0.938234,1.2,3.0,2,0.755929,0.736046,0.556399,1.305629,1.16514,0.586634,0.503488,1.922479,1.909154,3.0,12,16,6,21.1,21.1,1.909154,1.922479,1653.798358,1723.741759,1723.741759,0.875519,1719.476904,1719.476904,1620.562564,98.914339,-4.264855,-0.743168,38.429003,6.0,0.174254,0.388508,0.388508,0.856349,37.685835,20,1.208071,0.0,0.308017,98.914339,4.264855,1521.344822,1546.801017,1571.549385,1618.872129,1714.492347,1723.741759,1562.225184,1620.562564,1697.210377,1719.476904,0.894427,22.75,0.2352,0.840762,0.372998,1723.741759,0.875519,174.638685,dynamic_school_elo_v4_balance_adjusted,1768.327648,57.382054
五邑大学::IMCA,五邑大学,五邑大学,IMCA,4,南部赛区,南部赛区,7,tier1,1884,17,17.0,0.666708,1.2,3.0,2,0.755929,0.171095,0.129335,0.234699,0.871168,0.400406,0.459619,1.778482,1.495274,3.0,9,12,4,15.65,15.65,1.495274,1.778482,1642.278585,1647.386916,1647.386916,0.839142,1636.683986,1636.683986,1554.935398,81.748589,-10.70293,-1.847966,31.499344,6.0,0.17266,0.38532,0.38532,0.816497,29.651377,14,-0.859237,0.0,0.701162,81.748589,10.70293,1515.167611,1490.16961,1554.958238,1561.69986,1639.944086,1647.386916,1558.536279,1554.935398,1621.571787,1636.683986,0.866025,22.75,0.2352,0.814064,-0.122675,1647.386916,0.839142,99.12025,dynamic_school_elo_v4_balance_adjusted,1681.477895,57.886687
太原科技大学::NewMaker,太原科技大学,太原科技大学,NewMaker,5,东部赛区,东部赛区,24,unseeded,1884,75,8.0,0.637307,1.2,3.0,0,0.0,0.0,0.0,0.0,3.0,1.555562,0.518521,1.664043,0.254074,2.593306,9,0,7,4.7,4.7,0.254074,1.664043,1633.123416,1561.115696,1561.115696,0.61039,1583.636652,1583.636652,1558.220463,25.41619,22.520956,3.768324,9.522186,10.0,0.167325,0.37465,0.37465,0.68313,13.290509,1,3.118604,0.0,0.0,25.41619,22.520956,1514.498741,1502.453407,1557.567311,1557.567311,1515.244434,1561.115696,1558.220463,1558.220463,1507.745339,1583.636652,0.0,22.75,0.2352,0.0,-0.165111,1561.115696,0.61039,123.06347,dynamic_school_elo_v4_balance_adjusted,1587.52481,65.096365
华北科技学院::风暴,华北科技学院,华北科技学院,风暴,6,东部赛区,北部赛区,13,tier2,1884,44,11.28,0.474738,0.683556,2.176121,3,0.816497,0.285481,0.233094,0.49489,2.633438,1.365492,0.518521,1.567991,1.191249,3.0,14,11,7,16.95,16.95,1.191249,1.567991,1625.43932,1632.876572,1632.876572,0.849624,1639.712192,1639.712192,1524.624047,115.088146,6.835621,1.18449,44.488937,6.0,0.173282,0.386564,0.386564,0.83205,45.673427,11,-2.183488,0.0,0.0,115.088146,6.835621,1510.800283,1529.49306,1541.771547,1539.020087,1602.884849,1632.876572,1533.23773,1524.624047,1581.711997,1639.712192,0.856349,22.75,0.2352,0.804968,0.265251,1632.876572,0.849624,131.544506,dynamic_school_elo_v4_balance_adjusted,1682.366511,58.946023
哈尔滨工业大学（深圳）::南工骁鹰,哈尔滨工业大学（深圳）,哈尔滨工业大学（深圳）,南工骁鹰,7,东部赛区,东部赛区,10,tier2,1884,32,13.535,0.988388,1.2,3.0,3,0.816497,0.586127,0.47857,1.110462,-0.112085,-0.047695,0.425525,1.484553,1.798889,3.0,8,12,3,15.05,15.05,1.798889,1.484553,1618.764221,1655.217483,1655.217483,0.833795,1637.57622,1637.57622,1565.885944,71.690276,-17.641263,-3.039641,27.572498,6.0,0.172303,0.384606,0.384606,0.807573,24.532857,11,-1.059561,0.0,1.135507,71.690276,17.641263,1522.485836,1514.624339,1563.336655,1565.958169,1661.627508,1655.217483,1561.49813,1565.885944,1646.39324,1637.57622,0.866025,22.75,0.2352,0.814064,0.275305,1655.217483,0.833795,127.979869,dynamic_school_elo_v4_balance_adjusted,1683.555272,57.581856
东北大学::TDT,东北大学,东北大学,TDT,8,北部赛区,北部赛区,1,tier1,1884,3,22.7,1.05,1.2,3.0,2,0.755929,0.600875,0.454219,1.049397,2.690214,1.394932,0.518521,1.410332,2.019447,3.0,19,13,7,20.2,20.2,2.019447,1.410332,1612.826591,1780.151693,1780.151693,0.87069,1793.316005,1793.316005,1663.395382,129.920623,13.164311,2.288039,50.358837,6.0,0.173806,0.387612,0.387612,0.845154,52.646875,15,2.928812,0.0,0.0,129.920623,13.164311,1523.8875,1612.46085,1588.365787,1657.587105,1750.704368,1780.151693,1563.773627,1663.395382,1733.934052,1793.316005,0.874475,22.75,0.2352,0.822006,0.58106,1780.151693,0.87069,313.338849,dynamic_school_elo_v4_balance_adjusted,1841.727381,58.288287
西北工业大学::WMJ,西北工业大学,西北工业大学,WMJ,9,北部赛区,北部赛区,11,tier2,1884,36,12.5,0.405559,0.425692,3.0,2,0.755929,0.348338,0.263319,0.570685,1.252899,0.649654,0.518521,1.343158,1.37521,3.0,3,12,7,15.2,15.2,1.37521,1.343158,1607.45265,1636.967381,1636.967381,0.835165,1630.701539,1630.701539,1543.444612,87.256927,-6.265842,-1.087467,33.777997,6.0,0.173555,0.38711,0.38711,0.83887,32.69053,16,0.620793,0.0,0.391962,87.256927,6.265842,1509.226472,1505.283605,1520.796318,1554.357838,1626.763376,1636.967381,1516.006549,1543.444612,1606.299221,1630.701539,0.866025,22.75,0.2352,0.814064,-0.159075,1636.967381,0.835165,124.050255,dynamic_school_elo_v4_balance_adjusted,1675.886743,58.359066
中国石油大学（华东）::RPS,中国石油大学（华东）,中国石油大学（华东）,RPS,10,东部赛区,东部赛区,2,tier1,1884,11,18.72,0.668438,1.2,3.0,2,0.755929,1.236567,0.934757,2.254423,3.0,1.555562,0.518521,1.281552,2.285051,3.0,16,13,7,19.45,19.45,2.285051,1.281552,1602.524125,1773.820449,1773.820449,0.86637,1782.469807,1782.469807,1619.49291,150.0,8.649358,1.503312,58.141851,6.0,0.173806,0.387612,0.387612,0.845154,59.645163,17,1.383006,0.0,0.0,162.976897,8.649358,1515.206956,1594.829344,1585.220653,1623.60849,1738.70997,1773.820449,1564.903262,1619.49291,1714.562757,1782.469807,0.874475,22.75,0.2352,0.822006,0.732847,1773.820449,0.86637,344.305585,dynamic_school_elo_v4_balance_adjusted,1840.848618,58.222099
北京理工大学::追梦,北京理工大学,北京理工大学,追梦,11,北部赛区,北部赛区,12,tier2,1884,43,11.3,0.333786,1.055475,2.528471,1,0.632456,-0.138598,-0.087657,-0.309444,2.436742,1.263501,0.518521,1.224459,0.801174,3.0,14,4,7,9.95,9.95,0.801174,1.224459,1597.956699,1605.408407,1605.408407,0.76834,1612.819587,1612.819587,1529.589437,83.23015,7.41118,1.263128,31.69994,6.0,0.170435,0.380871,0.380871,0.760886,32.963067,7,-0.469326,0.0,0.0,83.23015,7.41118,1507.593642,1544.859791,1563.93128,1539.385299,1574.249059,1605.408407,1554.14978,1529.589437,1559.60634,1612.819587,0.707107,22.75,0.2352,0.66468,0.347765,1605.408407,0.76834,98.562364,dynamic_school_elo_v4_balance_adjusted,1643.902149,61.369225
华南理工大学::华南虎,华南理工大学,华南理工大学,华南虎,12,南部赛区,南部赛区,2,tier1,1884,2,23.3,1.05,1.2,3.0,2,0.755929,0.795922,0.601661,1.419131,-0.818637,-0.376262,0.459619,1.1711,2.053825,3.0,15,17,4,22.15,22.15,2.053825,1.1711,1593.688028,1742.78473,1742.78473,0.880716,1725.263874,1725.263874,1678.185021,47.078852,-17.520856,-3.049304,18.270221,6.0,0.174039,0.388077,0.388077,0.850963,15.220918,20,1.591471,0.0,1.287617,47.078852,17.520856,1523.8875,1592.863275,1584.623706,1663.180392,1761.239548,1742.78473,1564.751567,1678.185021,1751.276119,1725.263874,0.899735,22.75,0.2352,0.845751,0.712464,1742.78473,0.880716,216.575497,dynamic_school_elo_v4_balance_adjusted,1764.309501,52.767153
太原工业学院::火线,太原工业学院,太原工业学院,火线,13,北部赛区,北部赛区,6,tier1,1884,17,17.0,0.366646,1.2,3.0,2,0.755929,0.602339,0.455326,1.052172,0.699692,0.362805,0.518521,1.120883,2.032458,3.0,12,13,7,18.45,18.45,2.032458,1.120883,1589.670641,1719.375198,1719.375198,0.86014,1712.412037,1712.412037,1620.295363,92.116674,-6.963161,-1.21024,35.70556,6.0,0.173806,0.387612,0.387612,0.845154,34.495319,14,1.12887,0.0,0.484976,92.116674,6.963161,1508.341202,1532.4865,1567.847313,1618.943411,1719.719675,1719.375198,1561.847099,1620.295363,1701.473023,1712.412037,0.874475,22.75,0.2352,0.822006,0.322195,1719.375198,0.86014,230.398239,dynamic_school_elo_v4_balance_adjusted,1760.514411,57.639872
武汉工程大学::Nautilus,武汉工程大学,武汉工程大学,Nautilus,14,东部赛区,南部赛区,12,tier2,1884,29,14.3,0.680544,0.800091,3.0,4,0.852803,0.581184,0.495635,1.153254,2.950969,1.530138,0.518521,1.073344,1.730828,3.0,3,17,7,20.2,20.2,1.730828,1.073344,1585.867505,1697.91763,1697.91763,0.87069,1714.282811,1714.282811,1570.586023,143.696788,16.365182,2.858032,55.938578,6.0,0.174641,0.389282,0.389282,0.866025,58.79661,19,0.244372,0.0,0.0,143.696788,16.365182,1515.482373,1504.202719,1540.929767,1569.722652,1662.817705,1697.91763,1538.995876,1570.586023,1648.554932,1714.282811,0.899735,22.75,0.2352,0.845751,0.184377,1697.91763,0.87069,272.356467,dynamic_school_elo_v4_balance_adjusted,1762.958611,58.488341
仲恺农业工程学院::奇点,仲恺农业工程学院,仲恺农业工程学院,奇点,15,南部赛区,南部赛区,24,unseeded,1884,100,6.165,0.232613,-0.076398,0.046039,1,0.632456,0.174181,0.110162,0.186619,2.146898,1.040132,0.484481,1.028114,0.031361,1.516692,2,5,5,7.25,7.25,0.031361,1.028114,1582.249137,1534.418937,1534.418937,0.707317,1542.244485,1542.244485,1494.606512,47.637973,7.825548,1.328889,18.084731,7.420168,0.169814,0.379628,0.379628,0.745356,19.413621,2,4.059022,0.0,0.0,47.637973,7.825548,1505.291942,1526.697656,1507.194008,1506.762968,1506.620023,1534.418937,1494.989163,1494.606512,1496.085106,1542.244485,0.745356,22.75,0.2352,0.700635,0.698849,1534.418937,0.707317,107.352743,dynamic_school_elo_v4_balance_adjusted,1565.311748,61.123735
华东理工大学::起源,华东理工大学,华东理工大学,起源,16,东部赛区,东部赛区,23,unseeded,1884,71,8.215,0.0,-0.010693,3.0,3,0.816497,0.902545,0.736925,1.758327,2.179619,1.130177,0.518521,0.984896,1.570671,3.0,6,16,7,19.95,19.95,1.570671,0.984896,1578.791653,1662.441392,1662.441392,0.869281,1683.537309,1683.537309,1566.870811,116.666499,21.095918,3.680273,45.372598,6.0,0.174454,0.388909,0.388909,0.861357,49.052871,19,0.449079,0.0,0.0,116.666499,21.095918,1500.0,1484.550954,1496.48072,1548.683764,1635.171668,1662.441392,1494.086643,1566.870811,1636.581616,1683.537309,0.894427,22.75,0.2352,0.840762,0.095737,1662.441392,0.869281,221.861234,dynamic_school_elo_v4_balance_adjusted,1717.943342,58.854443
长安大学::VGD,长安大学,长安大学,VGD,17,北部赛区,北部赛区,20,unseeded,1884,72,8.17,0.255961,0.402138,-0.783364,1,0.632456,-0.664117,-0.420025,-1.142909,1.097203,0.531575,0.484481,0.943443,-0.611697,-1.164889,2,4,5,6.25,6.25,-0.611697,0.943443,1575.475411,1467.923881,1467.923881,0.675676,1474.507166,1474.507166,1482.918389,-8.411223,6.583285,1.113262,-3.181197,6.961453,0.169104,0.378209,0.378209,0.727607,-2.067935,4,-5.509039,0.0,0.0,8.411223,6.583285,1505.823104,1484.238955,1513.331413,1485.02529,1453.344794,1467.923881,1513.170384,1482.918389,1453.893996,1474.507166,0.707107,22.75,0.2352,0.66468,-0.367431,1467.923881,0.675676,128.055077,dynamic_school_elo_v4_balance_adjusted,1467.30836,58.629036
同济大学::SuperPower,同济大学,同济大学,SuperPower,18,北部赛区,北部赛区,9,tier2,1884,27,14.4,0.201482,0.355028,3.0,2,0.755929,1.190162,0.899678,2.166457,1.158759,0.561397,0.484481,0.903551,2.07146,3.0,3,15,5,17.5,17.5,2.07146,0.903551,1572.284045,1720.843553,1720.843553,0.853659,1722.260142,1722.260142,1613.897448,108.362693,1.416589,0.246212,42.002717,5.700587,0.173806,0.387612,0.387612,0.845154,42.248929,13,1.261635,0.0,0.0,108.362693,1.416589,1504.583727,1501.481916,1517.353253,1603.6289,1710.83969,1720.843553,1513.132378,1613.897448,1700.148889,1722.260142,0.888523,22.75,0.2352,0.835212,-0.027066,1720.843553,0.853659,259.600425,dynamic_school_elo_v4_balance_adjusted,1770.054704,58.355708
南京理工大学::Alliance,南京理工大学,南京理工大学,Alliance,19,东部赛区,东部赛区,14,tier2,1884,42,11.415,0.775664,0.862077,2.490392,1,0.632456,0.179525,0.113541,0.195093,1.133529,0.520992,0.459619,0.865047,1.267094,3.0,10,8,4,11.9,11.9,1.267094,0.865047,1569.203761,1612.023682,1612.023682,0.798658,1609.431726,1609.431726,1529.052818,80.378908,-2.591956,-0.443183,30.702149,6.0,0.170984,0.381968,0.381968,0.774597,30.258967,9,-1.180809,0.0,0.154771,80.378908,2.591956,1517.646364,1488.869434,1539.110812,1531.163658,1599.943959,1612.023682,1541.011401,1529.052818,1587.934504,1609.431726,0.816497,22.75,0.2352,0.767507,0.000632,1612.023682,0.798658,127.126366,dynamic_school_elo_v4_balance_adjusted,1646.947069,59.267002
中国科学技术大学::RoboWalker,中国科学技术大学,中国科学技术大学,RoboWalker,20,东部赛区,东部赛区,5,tier1,1884,19,16.86,0.081285,0.502395,3.0,2,0.755929,0.985291,0.74481,1.7781,2.338349,1.17733,0.503488,0.827785,2.012041,3.0,11,18,6,22.85,22.85,2.012041,0.827785,1566.222809,1751.879244,1751.879244,0.883946,1773.116038,1773.116038,1643.650359,129.465679,21.236794,3.708815,50.398663,5.065357,0.174641,0.389282,0.389282,0.866025,54.107478,20,1.962726,0.0,0.0,129.465679,21.236794,1501.849229,1514.540165,1528.454786,1624.06672,1726.211686,1751.879244,1522.187342,1643.650359,1722.297358,1773.116038,0.904534,22.75,0.2352,0.850262,0.108946,1751.879244,0.883946,338.321634,dynamic_school_elo_v4_balance_adjusted,1813.014805,57.974234
中南大学::FYT,中南大学,中南大学,FYT,21,南部赛区,南部赛区,10,tier2,1884,22,15.5,0.346757,1.085229,2.090456,2,0.755929,0.115013,0.086942,0.12839,1.952843,1.012589,0.518521,0.791639,1.11903,3.0,10,11,7,15.95,15.95,1.11903,0.791639,1563.331089,1618.367987,1618.367987,0.841689,1618.319931,1618.319931,1523.416832,94.903099,-0.048056,-0.008327,36.686124,5.088924,0.173282,0.386564,0.386564,0.83205,36.677797,13,-2.035118,0.0,0.003182,94.903099,0.048056,1507.888732,1512.834132,1557.606842,1536.594386,1596.599125,1618.367987,1555.511928,1523.416832,1576.883231,1618.319931,0.856349,22.75,0.2352,0.804968,0.312602,1618.367987,0.841689,152.026355,dynamic_school_elo_v4_balance_adjusted,1658.096408,58.257035
江南大学霞客湾校区::SHARK,江南大学霞客湾校区,江南大学霞客湾校区,SHARK,22,东部赛区,东部赛区,32,unseeded,1884,220,3.125,0.0,0.0,0.0,0,0.0,0.0,0.0,0.0,2.99823,1.554644,0.518521,0.756498,-0.036407,1.782203,0,0,7,2.45,2.45,-0.036407,0.756498,1560.519843,1541.002794,1541.002794,0.449541,1558.860102,1558.860102,1493.957717,64.902385,17.857308,2.987978,29.855097,5.888215,0.167325,0.46,0.46,0.68313,32.843075,5,4.919109,8.427732,0.0,64.902385,17.857308,1500.0,1500.0,1500.0,1500.0,1497.81557,1541.002794,1493.957717,1493.957717,1491.982038,1558.860102,0.0,22.75,0.2352,0.0,0.0,1541.002794,0.449541,115.623583,dynamic_school_elo_v4_balance_adjusted,1593.080925,76.110625
哈尔滨工业大学::I Hiter,哈尔滨工业大学,哈尔滨工业大学,I Hiter,23,北部赛区,北部赛区,2,tier1,1884,9,19.3,1.05,1.2,3.0,2,0.755929,0.312338,0.236105,0.502442,-0.875374,-0.372493,0.425525,0.722268,1.73832,3.0,11,15,3,18.8,18.8,1.73832,0.722268,1557.781421,1665.567805,1665.567805,0.862385,1639.968085,1639.968085,1595.084872,44.883212,-25.59972,-4.435971,17.350235,4.642984,0.173282,0.386564,0.386564,0.83205,12.914264,16,2.312685,0.0,1.784655,44.883212,25.59972,1523.8875,1542.419079,1569.660821,1597.31929,1685.581449,1665.567805,1561.257772,1595.084872,1667.361107,1639.968085,0.888523,22.75,0.2352,0.835212,0.243008,1665.567805,0.862385,182.366657,dynamic_school_elo_v4_balance_adjusted,1683.653083,53.742868
沈阳理工大学::Ambition,沈阳理工大学,沈阳理工大学,Ambition,24,北部赛区,北部赛区,17,unseeded,1884,51,9.505,0.125386,0.216178,-1.399511,1,0.632456,-0.216624,-0.137005,-0.433193,1.734038,0.899135,0.518521,0.688864,-0.392602,-0.294442,2,8,7,10.95,10.95,-0.392602,0.688864,1555.10909,1489.50831,1489.50831,0.784946,1494.593668,1494.593668,1474.235534,20.358134,5.085357,0.876222,7.829857,4.581692,0.172303,0.384606,0.384606,0.807573,8.706079,11,1.707108,0.0,0.0,20.358134,5.085357,1502.852534,1481.098939,1502.256424,1481.723374,1462.416435,1489.50831,1501.5149,1474.235534,1458.48197,1494.593668,0.816497,22.75,0.2352,0.767507,-0.569858,1489.50831,0.784946,92.751379,dynamic_school_elo_v4_balance_adjusted,1504.503189,53.869952
深圳大学::RobotPilots,深圳大学,深圳大学,RobotPilots,25,南部赛区,南部赛区,5,tier1,1884,6,20.0,1.05,1.2,3.0,2,0.755929,0.239401,0.18097,0.364181,-0.850905,-0.362081,0.425525,0.656211,1.666941,3.0,15,15,3,19.8,19.8,1.666941,0.656211,1552.496888,1661.499828,1661.499828,0.868421,1624.217497,1624.217497,1579.133245,45.084252,-37.282331,-6.460357,17.42795,4.21835,0.173282,0.386564,0.386564,0.83205,10.967592,16,1.284476,0.0,2.659333,45.084252,37.282331,1523.8875,1588.224034,1584.079698,1596.753888,1680.826445,1661.499828,1565.368529,1579.133245,1651.015025,1624.217497,0.888523,22.75,0.2352,0.835212,0.795364,1661.499828,0.868421,195.313333,dynamic_school_elo_v4_balance_adjusted,1675.310913,54.120576
合肥工业大学(宣城校区)::WDR,合肥工业大学(宣城校区),合肥工业大学(宣城校区),WDR,26,东部赛区,东部赛区,19,unseeded,1884,65,8.415,0.0,0.336432,0.996511,1,0.632456,-0.420363,-0.265861,-0.75632,2.621497,1.3593,0.518521,0.624244,0.375057,2.81592,2,5,7,7.95,7.95,0.375057,0.624244,1549.939498,1566.63584,1566.63584,0.726027,1581.231232,1581.231232,1508.000743,73.230489,14.595391,2.495576,27.971684,4.339224,0.170984,0.381968,0.381968,0.774597,30.46726,8,1.354716,0.0,0.0,73.230489,14.595391,1500.0,1485.90016,1508.204458,1511.720481,1530.715196,1566.63584,1506.948608,1508.000743,1523.521638,1581.231232,0.745356,22.75,0.2352,0.700635,-0.7216,1566.63584,0.726027,105.876939,dynamic_school_elo_v4_balance_adjusted,1602.797042,62.657095
广州城市理工学院::野狼,广州城市理工学院,广州城市理工学院,野狼,27,南部赛区,南部赛区,16,tier2,1884,52,9.465,0.581964,0.703392,1.821231,1,0.632456,-0.473779,-0.299644,-0.841037,2.613393,1.315811,0.503488,0.592902,0.647023,3.0,7,5,6,8.85,8.85,0.647023,0.592902,1547.432158,1588.80462,1588.80462,0.746835,1603.415668,1603.415668,1519.622867,83.792801,14.611048,2.49024,31.914237,4.195338,0.170435,0.380871,0.380871,0.760886,34.404477,9,1.283475,0.0,0.0,83.792801,14.611048,1513.239692,1484.525776,1529.339917,1519.736495,1552.649461,1588.80462,1531.145649,1519.622867,1545.903309,1603.415668,0.745356,22.75,0.2352,0.700635,-0.161321,1588.80462,0.746835,141.059786,dynamic_school_elo_v4_balance_adjusted,1628.68791,62.649921
哈尔滨工业大学（威海）::HERO,哈尔滨工业大学（威海）,哈尔滨工业大学（威海）,HERO,28,北部赛区,北部赛区,4,tier1,1884,15,17.2,0.777394,1.2,3.0,2,0.755929,0.983053,0.743118,1.773858,1.267183,0.638011,0.503488,0.562132,1.718108,3.0,8,13,6,17.1,17.1,1.718108,0.562132,1544.970573,1679.55708,1679.55708,0.850746,1677.115005,1677.115005,1578.647784,98.467221,-2.442075,-0.423834,38.11761,3.57869,0.173555,0.38711,0.38711,0.83887,37.693777,14,-1.179545,0.0,0.163976,98.467221,2.442075,1517.68571,1510.198515,1562.065656,1580.707775,1669.42874,1679.55708,1561.238728,1578.647784,1652.365059,1677.115005,0.874475,22.75,0.2352,0.822006,0.240449,1679.55708,0.850746,236.839323,dynamic_school_elo_v4_balance_adjusted,1719.486025,58.058487
华北理工大学::Horizon,华北理工大学,华北理工大学,Horizon,29,北部赛区,北部赛区,25,unseeded,1884,84,7.6,0.236072,0.355028,-1.1498,1,0.632456,-0.721164,-0.456104,-1.233385,0.643303,0.295674,0.459619,0.531886,-0.870385,-2.111801,2,3,4,4.9,4.9,-0.870385,0.531886,1542.550852,1444.443341,1444.443341,0.620253,1446.957358,1446.957358,1477.7545,-30.797142,2.514016,0.420658,-11.538162,4.139941,0.167325,0.37465,0.37465,0.68313,-11.117503,5,-5.202519,0.0,0.0,30.797142,2.514016,1505.370633,1483.407732,1511.915153,1479.89805,1435.406696,1444.443341,1511.793848,1477.7545,1437.390665,1446.957358,0.654654,22.75,0.2352,0.615374,-0.206923,1444.443341,0.620253,136.621188,dynamic_school_elo_v4_balance_adjusted,1432.26326,62.914172
太原理工大学::TRoMaC,太原理工大学,太原理工大学,TRoMaC,30,南部赛区,南部赛区,6,tier1,1884,13,18.04,0.526622,1.2,3.0,2,0.755929,0.71691,0.541933,1.269353,0.78663,0.36155,0.459619,0.502118,1.983677,3.0,15,12,4,17.15,17.15,1.983677,0.502118,1540.169452,1695.275623,1695.275623,0.851117,1674.817521,1674.817521,1572.895166,101.922355,-20.458102,-3.532293,39.272694,3.298857,0.17266,0.38532,0.38532,0.816497,35.740401,14,0.313204,0.0,1.403047,101.922355,20.458102,1511.980642,1559.939179,1575.250892,1587.470359,1690.227065,1695.275623,1562.914618,1572.895166,1661.762707,1674.817521,0.866025,22.75,0.2352,0.814064,0.465636,1695.275623,0.851117,279.202877,dynamic_school_elo_v4_balance_adjusted,1733.225037,59.27261
北方工业大学::DreamTeam,北方工业大学,北方工业大学,DreamTeam,31,北部赛区,北部赛区,14,tier2,1884,45,11.0,-0.299197,-0.106772,-0.13142,2,0.755929,0.331028,0.250234,0.537871,1.823294,0.883352,0.484481,0.472789,0.119906,1.543536,0,12,5,13.75,13.75,0.119906,0.472789,1537.82313,1535.084597,1535.084597,0.820896,1537.337058,1537.337058,1492.105716,45.231342,2.252461,0.389642,17.457927,3.071213,0.172985,0.38597,0.38597,0.824621,17.847568,13,0.418564,0.0,0.0,45.231342,2.252461,1493.193264,1493.193264,1492.526608,1505.480592,1511.655938,1535.084597,1487.335892,1492.105716,1499.053168,1537.337058,0.866025,22.75,0.2352,0.814064,0.0,1535.084597,0.820896,50.640899,dynamic_school_elo_v4_balance_adjusted,1556.421943,54.131006
桂林电子科技大学::Evolution,桂林电子科技大学,桂林电子科技大学,Evolution,32,南部赛区,南部赛区,11,tier2,1884,28,14.365,1.05,1.2,3.0,1,0.632456,-0.035777,-0.022628,-0.146373,1.114369,0.512186,0.459619,0.443861,1.21625,3.0,13,5,4,9.65,9.65,1.21625,0.443861,1535.508905,1623.827496,1623.827496,0.762846,1620.056076,1620.056076,1553.517669,66.538407,-3.771419,-0.637763,25.165394,3.275154,0.169104,0.378209,0.378209,0.727607,24.527631,6,-3.067563,0.0,0.210039,66.538407,3.771419,1523.8875,1520.996468,1566.226023,1556.051641,1612.246728,1623.827496,1563.066232,1553.517669,1599.025137,1620.056076,0.745356,22.75,0.2352,0.700635,0.486008,1623.827496,0.762846,161.906019,dynamic_school_elo_v4_balance_adjusted,1648.352679,59.293121
合肥工业大学::苍穹,合肥工业大学,合肥工业大学,苍穹,33,东部赛区,东部赛区,17,unseeded,1884,57,8.665,0.199753,0.386021,0.735479,1,0.632456,-0.318092,-0.201179,-0.594119,0.482845,0.205463,0.425525,0.4153,0.228353,1.061859,3,5,3,6.8,6.8,0.228353,0.4153,1533.224024,1523.140457,1523.140457,0.693878,1518.809423,1518.809423,1504.322228,14.487195,-4.331034,-0.728845,5.455422,3.141883,0.168284,0.376569,0.376569,0.707107,4.726577,4,-0.443714,0.0,0.184492,14.487195,4.331034,1504.544381,1501.654957,1520.128082,1508.555617,1519.69552,1523.140457,1516.215407,1504.322228,1513.147764,1518.809423,0.745356,22.75,0.2352,0.700635,0.159912,1523.140457,0.693878,29.530002,dynamic_school_elo_v4_balance_adjusted,1530.380711,57.549179
安徽信息工程学院::Artisans,安徽信息工程学院,安徽信息工程学院,Artisans,34,东部赛区,东部赛区,20,unseeded,1884,65,8.415,0.342434,0.336432,0.906204,1,0.632456,0.242499,0.15337,0.294969,-0.325877,-0.122294,0.375278,0.387074,0.361574,0.923856,2,5,2,6.2,6.2,0.361574,0.387074,1530.965934,1519.718403,1519.718403,0.673913,1507.935183,1507.935183,1506.728119,1.207063,-11.78322,-1.97163,0.452227,3.012798,0.167325,0.37465,0.37465,0.68313,-1.519403,5,0.907573,0.0,0.0,1.207063,11.78322,1507.790368,1493.853752,1511.86499,1510.161437,1528.813879,1519.718403,1508.966856,1506.728119,1521.955221,1507.935183,0.745356,22.75,0.2352,0.700635,-0.450411,1519.718403,0.673913,25.145388,dynamic_school_elo_v4_balance_adjusted,1522.119372,57.663638
武汉科技大学::崇实,武汉科技大学,武汉科技大学,崇实,35,东部赛区,南部赛区,28,unseeded,1884,152,4.65,-0.087338,0.04481,0.244426,0,0.0,0.0,0.0,0.0,0.540464,0.261845,0.484481,0.359153,0.001779,0.380526,2,0,5,2.25,2.25,0.001779,0.359153,1528.732252,1506.245469,1506.245469,0.428571,1501.118188,1501.118188,1497.402221,3.715967,-5.12728,-0.845011,1.373473,3.001234,0.164807,0.369614,0.369614,0.620174,0.528462,2,-4.775027,0.0,0.081474,3.715967,5.12728,1498.013063,1498.754838,1502.761835,1502.761835,1500.106749,1506.245469,1497.402221,1497.402221,1494.054264,1501.118188,0.0,22.75,0.2352,0.0,0.134226,1506.245469,0.428571,36.186532,dynamic_school_elo_v4_balance_adjusted,1504.918664,69.763686
广东工业大学::DynamicX,广东工业大学,广东工业大学,DynamicX,36,南部赛区,南部赛区,4,tier1,1884,6,20.0,0.86992,1.2,3.0,2,0.755929,0.615277,0.465106,1.076698,0.683486,0.29084,0.425525,0.331509,2.003232,3.0,15,13,3,17.8,17.8,2.003232,0.331509,1526.520752,1718.308824,1718.308824,0.855769,1703.16422,1703.16422,1610.851443,92.312776,-15.144604,-2.614865,35.569934,2.177977,0.17266,0.38532,0.38532,0.816497,32.955068,12,0.853237,0.0,1.048606,92.312776,15.144604,1519.790683,1551.242869,1573.664897,1613.467394,1713.464817,1718.308824,1563.432615,1610.851443,1692.619607,1703.16422,0.874475,22.75,0.2352,0.822006,0.535238,1718.308824,0.855769,301.147295,dynamic_school_elo_v4_balance_adjusted,1753.246501,57.75235
电子科技大学中山学院::RoboBraver,电子科技大学中山学院,电子科技大学中山学院,RoboBraver,37,南部赛区,南部赛区,8,tier1,1884,20,16.64,0.443607,1.164572,3.0,2,0.755929,0.146883,0.111033,0.188803,-0.67045,-0.285293,0.425525,0.304117,1.561808,3.0,12,12,3,16.05,16.05,1.561808,0.304117,1524.329338,1650.952939,1650.952939,0.84252,1620.678992,1620.678992,1578.426324,42.252668,-30.273948,-5.216289,16.250622,2.022707,0.172303,0.384606,0.384606,0.807573,11.034333,15,0.269491,0.0,2.017644,42.252668,30.273948,1510.092068,1568.18679,1575.435055,1589.482699,1666.55313,1650.952939,1560.934902,1578.426324,1643.084821,1620.678992,0.866025,22.75,0.2352,0.814064,0.459433,1650.952939,0.84252,201.437351,dynamic_school_elo_v4_balance_adjusted,1662.261827,54.328522
首都师范大学::PIE,首都师范大学,首都师范大学,PIE,38,东部赛区,东部赛区,11,tier2,1884,38,12.235,0.197159,1.009605,2.808117,3,0.816497,0.317817,0.259497,0.5611,0.244679,0.118542,0.484481,0.27695,1.42485,3.0,10,9,5,13.25,13.25,1.42485,0.27695,1522.156033,1613.963022,1613.963022,0.815385,1600.119561,1600.119561,1533.530259,66.589302,-13.843462,-2.379815,25.558168,1.866843,0.171909,0.383818,0.383818,0.797724,23.178352,9,-2.441787,0.0,0.860705,66.589302,13.843462,1504.485364,1497.521349,1550.231468,1540.636264,1617.273749,1613.963022,1551.256548,1533.530259,1600.254095,1600.119561,0.83205,22.75,0.2352,0.782127,0.295386,1613.963022,0.815385,175.542245,dynamic_school_elo_v4_balance_adjusted,1635.705725,57.066056
河北科技大学::Actor&Thinker,河北科技大学,河北科技大学,Actor&Thinker,39,北部赛区,北部赛区,23,unseeded,1884,79,7.85,0.000865,0.156671,-0.989916,1,0.632456,-0.074337,-0.047015,-0.207528,1.890306,0.980163,0.518521,0.249987,-0.450191,-0.265447,2,4,7,6.95,6.95,-0.450191,0.249987,1519.99896,1490.227302,1490.227302,0.698492,1500.761839,1500.761839,1480.007623,20.754217,10.534537,1.795458,7.904677,1.768893,0.170435,0.380871,0.380871,0.760886,9.700135,8,-0.73532,0.0,0.0,20.754217,10.534537,1500.019673,1478.897406,1501.403223,1482.565612,1461.400268,1490.227302,1501.1367,1480.007623,1460.847087,1500.761839,0.707107,22.75,0.2352,0.66468,-0.184291,1490.227302,0.698492,61.795731,dynamic_school_elo_v4_balance_adjusted,1500.96101,58.104023
东南大学::3SE,东南大学,东南大学,3SE,40,东部赛区,东部赛区,4,tier1,1884,14,17.94,0.485115,1.186887,3.0,4,0.852803,0.47192,0.402455,0.91959,-0.895672,-0.381131,0.425525,0.223204,1.980287,3.0,12,18,3,22.05,22.05,1.980287,0.223204,1517.856332,1682.727005,1682.727005,0.88024,1666.640117,1666.640117,1610.927551,55.712566,-16.086888,-2.799738,21.620768,1.396418,0.174039,0.388077,0.388077,0.850963,18.821029,21,1.439733,0.0,1.173795,55.712566,16.086888,1511.036355,1506.778315,1561.233352,1598.691529,1702.730852,1682.727005,1561.207299,1610.927551,1694.527133,1666.640117,0.904534,22.75,0.2352,0.850262,0.33239,1682.727005,0.88024,239.283656,dynamic_school_elo_v4_balance_adjusted,1703.210391,52.797447
大连理工大学::凌BUG,大连理工大学,大连理工大学,凌BUG,41,北部赛区,北部赛区,5,tier1,1884,16,17.18,0.82236,0.89431,3.0,4,0.852803,0.386241,0.329388,0.736362,1.031481,0.499734,0.484481,0.19658,1.845726,3.0,8,24,5,27.75,27.75,1.845726,0.19658,1515.726439,1718.276732,1718.276732,0.902439,1729.826151,1729.826151,1637.189712,92.636439,11.549419,2.025914,36.20466,1.168401,0.175413,0.390825,0.390825,0.885316,38.230573,24,0.568175,0.0,0.0,92.636439,11.549419,1518.708687,1514.112179,1548.497808,1613.795398,1709.776376,1718.276732,1544.901542,1637.189712,1710.812436,1729.826151,0.92582,22.75,0.2352,0.870271,0.286969,1718.276732,0.902439,307.304326,dynamic_school_elo_v4_balance_adjusted,1758.243882,55.058265
浙江大学::Hello World,浙江大学,浙江大学,Hello World,42,东部赛区,东部赛区,1,tier1,1884,4,21.1,1.05,1.2,3.0,2,0.755929,0.985265,0.744791,1.778052,1.848185,0.930539,0.503488,0.170095,2.101399,3.0,16,13,6,19.1,19.1,2.101399,0.170095,1513.607637,1755.107661,1755.107661,0.864253,1762.72668,1762.72668,1644.495361,118.231319,7.619019,1.322317,45.768483,1.082875,0.173555,0.38711,0.38711,0.83887,47.090801,16,1.058575,0.0,0.0,118.231319,7.619019,1523.8875,1575.973355,1580.413756,1636.362966,1738.175139,1755.107661,1564.483827,1644.495361,1723.837019,1762.72668,0.874475,22.75,0.2352,0.822006,0.676488,1755.107661,0.864253,368.408937,dynamic_school_elo_v4_balance_adjusted,1804.339912,57.443998
山东理工大学::齐奇,山东理工大学,山东理工大学,齐奇,43,北部赛区,北部赛区,22,unseeded,1884,77,7.9,0.134898,0.355028,0.925784,1,0.632456,-0.215365,-0.136209,-0.431195,0.363621,0.167127,0.459619,0.143729,0.102979,0.818382,3,4,4,6.15,6.15,0.102979,0.143729,1511.498339,1517.102975,1517.102975,0.672131,1510.424243,1510.424243,1507.004053,3.42019,-6.678732,-1.123926,1.287936,1.087359,0.168284,0.376569,0.376569,0.707107,0.16401,6,0.18546,0.0,0.266238,3.42019,6.678732,1503.068933,1499.810802,1517.134672,1511.234649,1513.646161,1517.102975,1513.329106,1507.004053,1507.664102,1510.424243,0.707107,22.75,0.2352,0.66468,-0.000632,1517.102975,0.672131,16.155256,dynamic_school_elo_v4_balance_adjusted,1518.273566,57.334109
香港科技大学（广州）::PnX,香港科技大学（广州）,香港科技大学（广州）,PnX,44,北部赛区,北部赛区,30,unseeded,1884,120,5.425,0.0,-0.311327,-2.056243,1,0.632456,0.012013,0.007598,-0.070577,0.509377,0.216752,0.425525,0.117463,-0.932446,-2.591773,0,4,3,5.05,5.05,-0.932446,0.117463,1509.397005,1432.541486,1432.541486,0.627329,1431.633721,1431.633721,1464.980727,-33.347006,-0.907766,-0.151892,-12.493469,0.914272,0.167325,0.37465,0.37465,0.68313,-12.645361,4,-1.425969,0.0,0.02819,33.347006,0.907766,1500.0,1500.0,1482.877,1474.375894,1427.021379,1432.541486,1474.649667,1464.980727,1425.326361,1431.633721,0.707107,22.75,0.2352,0.66468,0.0,1432.541486,0.627329,112.564449,dynamic_school_elo_v4_balance_adjusted,1419.356238,62.177355
东北大学秦皇岛分校::征龙凌沧,东北大学秦皇岛分校,东北大学秦皇岛分校,征龙凌沧,45,北部赛区,北部赛区,19,unseeded,1884,63,8.515,0.186782,0.34263,0.461463,1,0.632456,0.216294,0.136796,0.253409,0.974996,0.472368,0.484481,0.091277,0.219917,1.214512,2,5,5,7.25,7.25,0.219917,0.091277,1507.302136,1526.925791,1526.925791,0.707317,1527.79624,1527.79624,1500.460742,27.335498,0.870449,0.147815,10.377334,0.658768,0.169814,0.379628,0.379628,0.745356,10.525148,7,-2.876442,0.0,0.0,27.335498,0.870449,1504.249292,1482.820954,1509.079594,1502.622819,1515.032653,1526.925791,1508.752067,1500.460742,1510.157189,1527.79624,0.745356,22.75,0.2352,0.700635,-0.524729,1526.925791,0.707317,50.706044,dynamic_school_elo_v4_balance_adjusted,1535.233265,57.531894
上海交通大学::交龙,上海交通大学,上海交通大学,交龙,46,南部赛区,南部赛区,1,tier1,1884,1,25.0,1.05,1.2,3.0,2,0.755929,1.195639,0.903818,2.176839,0.221248,0.114722,0.518521,0.065153,2.323306,3.0,15,14,7,20.2,20.2,2.323306,0.065153,1505.212264,1797.19157,1797.19157,0.87069,1792.074566,1792.074566,1716.541815,75.532751,-5.117004,-0.890556,29.312526,0.407614,0.174039,0.388077,0.388077,0.850963,28.421971,16,3.254038,0.0,0.367983,75.532751,5.117004,1523.8875,1657.259169,1599.751504,1697.703968,1803.295386,1797.19157,1564.73114,1716.541815,1792.779335,1792.074566,0.881917,22.75,0.2352,0.829002,0.709719,1797.19157,0.87069,376.251083,dynamic_school_elo_v4_balance_adjusted,1828.90721,54.406541
江苏大学::Aurora,江苏大学,江苏大学,Aurora,47,东部赛区,东部赛区,27,unseeded,1884,114,5.6,0.236072,-0.109871,-1.4205,1,0.632456,-0.381565,-0.241323,-0.694786,-0.525828,-0.223753,0.425525,0.039074,-0.929702,-3.0,0,4,3,5.05,5.05,-0.929702,0.039074,1503.125942,1422.360481,1422.360481,0.627329,1412.163876,1412.163876,1473.939749,-61.775873,-10.196605,-1.706149,-23.144356,0.304135,0.167325,0.37465,0.37465,0.68313,-24.850505,2,-1.590758,0.0,0.316649,61.775873,10.196605,1505.370633,1505.370633,1495.220262,1482.436194,1432.543573,1422.360481,1487.143676,1473.939749,1431.050083,1412.163876,0.707107,22.75,0.2352,0.66468,0.0,1422.360481,0.627329,154.645346,dynamic_school_elo_v4_balance_adjusted,1395.906705,65.499105
南华大学::MA,南华大学,南华大学,MA,48,南部赛区,南部赛区,20,unseeded,1884,77,7.9,0.173811,0.355028,-0.168654,1,0.632456,-0.248288,-0.157031,-0.483411,-0.21313,-0.090692,0.425525,0.013022,-0.30776,-0.99947,3,4,3,5.8,5.8,-0.30776,0.013022,1501.041745,1472.025773,1472.025773,0.659091,1464.501717,1464.501717,1491.581017,-27.0793,-7.524056,-1.258964,-10.145271,0.101356,0.167325,0.37465,0.37465,0.68313,-11.404235,3,-0.779757,0.0,0.290461,27.0793,7.524056,1503.954202,1492.968579,1514.983794,1495.678704,1478.662126,1472.025773,1512.718407,1491.581017,1475.77785,1464.501717,0.707107,22.75,0.2352,0.66468,-0.082691,1472.025773,0.659091,64.689547,dynamic_school_elo_v4_balance_adjusted,1459.652675,60.240531
复旦大学::星云EGA,复旦大学,复旦大学,星云EGA,49,北部赛区,北部赛区,32,unseeded,1884,220,3.125,0.0,0.0,0.0,0,0.0,0.0,0.0,0.0,1.401729,0.644262,0.459619,-0.013022,-0.036407,0.819408,0,0,4,1.4,1.4,-0.036407,-0.013022,1498.958255,1517.128403,1517.128403,0.318182,1520.006389,1520.006389,1493.957717,26.048673,2.877986,0.469382,11.982389,-0.11389,0.163094,0.46,0.46,0.57735,12.451772,2,1.659686,3.688102,0.0,26.048673,2.877986,1500.0,1500.0,1500.0,1500.0,1497.81557,1517.128403,1493.957717,1493.957717,1491.982038,1520.006389,0.0,22.75,0.2352,0.0,0.0,1517.128403,0.318182,52.444595,dynamic_school_elo_v4_balance_adjusted,1534.814073,76.894632
成都信息工程大学::风信子,成都信息工程大学,成都信息工程大学,风信子,50,北部赛区,北部赛区,24,unseeded,1884,82,7.775,-0.042372,0.053339,-1.144418,1,0.632456,-0.86326,-0.545974,-1.458747,1.999826,0.968879,0.484481,-0.039074,-0.773875,-0.981397,0,4,5,5.75,5.75,-0.773875,-0.039074,1496.874058,1472.473907,1472.473907,0.657143,1484.507275,1484.507275,1477.830355,6.676919,12.033368,2.034894,2.525268,-0.28832,0.169104,0.378209,0.378209,0.727607,4.560162,3,-4.498999,0.0,0.0,6.676919,12.033368,1499.03604,1499.03604,1502.706943,1485.483407,1443.918606,1472.473907,1497.265746,1477.830355,1441.927157,1484.507275,0.707107,22.75,0.2352,0.66468,0.0,1472.473907,0.657143,47.609438,dynamic_school_elo_v4_balance_adjusted,1472.246749,58.610688
长沙理工大学::云嵌,长沙理工大学,长沙理工大学,云嵌,51,南部赛区,南部赛区,25,unseeded,1884,105,5.975,-0.277579,-0.165659,-2.990801,1,0.632456,-1.031879,-0.652617,-1.726174,0.821759,0.377696,0.459619,-0.065153,-1.591277,-3.0,0,3,4,4.4,4.4,-1.591277,-0.065153,1494.787736,1392.426151,1392.426151,0.594595,1397.234275,1397.234275,1451.810755,-54.57648,4.808124,0.80452,-20.4471,-0.507122,0.167325,0.37465,0.37465,0.68313,-19.64258,3,-3.514882,0.0,0.0,54.57648,4.808124,1493.68508,1493.68508,1489.403488,1459.79253,1379.780757,1392.426151,1483.683796,1451.810755,1383.324541,1397.234275,0.654654,22.75,0.2352,0.615374,0.0,1392.426151,0.594595,165.261071,dynamic_school_elo_v4_balance_adjusted,1368.761567,66.112946
哈尔滨工程大学::创梦之翼,哈尔滨工程大学,哈尔滨工程大学,创梦之翼,52,北部赛区,北部赛区,8,tier1,1884,25,14.78,0.91921,0.978612,2.492633,2,0.755929,0.160405,0.121255,0.214435,0.144548,0.066437,0.459619,-0.091277,1.31168,3.0,9,9,4,12.65,12.65,1.31168,-0.091277,1492.697864,1608.787598,1608.787598,0.808307,1588.286084,1588.286084,1529.084402,59.201683,-20.501514,-3.515432,22.670909,-0.624347,0.171472,0.382944,0.382944,0.786796,19.155477,10,-0.241075,0.0,1.246545,59.201683,20.501514,1520.912024,1510.537447,1550.285117,1544.364112,1613.399158,1608.787598,1547.864996,1529.084402,1590.857476,1588.286084,0.83205,22.75,0.2352,0.782127,0.066952,1608.787598,0.808307,197.28055,dynamic_school_elo_v4_balance_adjusted,1625.831108,56.890235
山东科技大学::SmartRobot,山东科技大学,山东科技大学,SmartRobot,53,东部赛区,东部赛区,6,tier1,1884,24,14.8,0.763558,0.879434,3.0,2,0.755929,0.238515,0.180301,0.362502,-1.032376,-0.439302,0.425525,-0.117463,1.624235,3.0,3,10,3,11.8,11.8,1.624235,-0.117463,1490.602995,1629.345606,1629.345606,0.797297,1601.742279,1601.742279,1562.338856,39.403424,-27.603326,-4.733193,15.089291,-0.803463,0.171472,0.382944,0.382944,0.786796,10.356098,8,2.707104,0.0,1.565453,39.403424,27.603326,1517.370947,1498.971928,1543.237374,1565.661679,1649.618678,1629.345606,1542.985231,1562.338856,1632.956242,1601.742279,0.845154,22.75,0.2352,0.794445,0.138574,1629.345606,0.797297,210.021918,dynamic_school_elo_v4_balance_adjusted,1640.039892,55.934596
国防科技大学::军临,国防科技大学,国防科技大学,军临,54,南部赛区,南部赛区,15,tier2,1884,49,10.56,0.709945,0.881913,2.393547,1,0.632456,-0.491338,-0.310749,-0.868884,1.176147,0.569821,0.484481,-0.143729,0.538652,2.74995,8,4,5,7.75,7.75,0.538652,-0.143729,1488.501661,1564.999992,1564.999992,0.72093,1566.711523,1566.711523,1527.688055,39.023468,1.711531,0.289427,14.759009,-1.060546,0.169104,0.378209,0.378209,0.727607,15.048437,5,-0.343062,0.0,0.0,39.023468,1.711531,1516.151243,1508.851403,1546.6187,1531.352895,1553.158745,1564.999992,1544.177873,1527.688055,1544.177117,1566.711523,0.707107,22.75,0.2352,0.66468,0.280645,1564.999992,0.72093,117.576392,dynamic_school_elo_v4_balance_adjusted,1578.644821,58.139564
杭州电子科技大学::PHOENIX,杭州电子科技大学,杭州电子科技大学,PHOENIX,55,东部赛区,东部赛区,30,unseeded,1884,163,4.48,0.447066,0.564542,2.212164,0,0.0,0.0,0.0,0.0,-0.911342,-0.387799,0.425525,-0.170095,0.088692,-0.395096,6,0,3,2.55,2.55,0.088692,-0.170095,1486.392363,1487.012405,1487.012405,0.459459,1470.502339,1470.502339,1525.13197,-54.629631,-16.510066,-2.656293,-19.763833,-1.572988,0.160889,0.361779,0.361779,0.522233,-22.420127,1,-0.798999,0.0,0.389834,54.629631,16.510066,1510.170759,1489.031556,1525.066552,1525.066552,1505.321537,1487.012405,1525.13197,1525.13197,1498.770709,1470.502339,0.0,22.75,0.2352,0.0,0.048862,1487.012405,0.459459,72.948572,dynamic_school_elo_v4_balance_adjusted,1461.830456,73.784034
吉林大学::TARS Go,吉林大学,吉林大学,TARS Go,56,北部赛区,北部赛区,7,tier1,1884,23,14.9,0.186782,0.98729,3.0,2,0.755929,0.081368,0.061508,0.064612,1.411941,0.684059,0.484481,-0.19658,1.322603,3.0,10,11,5,15.25,15.25,1.322603,-0.19658,1484.273561,1636.616258,1636.616258,0.835616,1626.957982,1626.957982,1537.688274,89.269708,-9.658276,-1.667597,34.397379,-1.29151,0.17266,0.38532,0.38532,0.816497,32.729783,9,0.168197,0.0,0.630068,89.269708,9.658276,1504.249292,1501.39577,1550.681797,1552.557471,1621.663228,1636.616258,1550.736795,1537.688274,1598.68509,1626.957982,0.856349,22.75,0.2352,0.804968,0.389192,1636.616258,0.835616,252.068945,dynamic_school_elo_v4_balance_adjusted,1667.59266,57.965043
广西大学::ROBOTZ,广西大学,广西大学,ROBOTZ,57,东部赛区,东部赛区,28,unseeded,1884,120,5.425,0.0,-0.311327,-2.525351,1,0.632456,-0.596178,-0.377056,-1.035159,0.099581,0.045769,0.459619,-0.223204,-1.18657,-3.0,0,4,4,5.4,5.4,-1.18657,-0.223204,1482.143668,1408.54632,1408.54632,0.642857,1403.756732,1403.756732,1458.369974,-54.613242,-4.789587,-0.806012,-20.565629,-1.688613,0.168284,0.376569,0.376569,0.707107,-21.371641,6,-2.042105,0.0,0.154337,54.613242,4.789587,1500.0,1500.0,1482.877,1468.87816,1408.119731,1408.54632,1474.649667,1458.369974,1407.42248,1403.756732,0.707107,22.75,0.2352,0.66468,0.0,1408.54632,0.642857,135.19662,dynamic_school_elo_v4_balance_adjusted,1383.289623,63.899252
桂林理工大学::群星,桂林理工大学,桂林理工大学,群星,58,南部赛区,南部赛区,19,unseeded,1884,69,8.25,0.277579,0.231055,-0.606587,1,0.632456,-0.573849,-0.362934,-0.999746,2.832856,1.468894,0.518521,-0.249987,-0.513659,0.288748,2,4,7,6.95,6.95,-0.513659,-0.249987,1480.00104,1503.969649,1503.969649,0.698492,1523.617706,1523.617706,1485.409577,38.20813,19.648057,3.348725,14.552364,-1.768893,0.170435,0.380871,0.380871,0.760886,17.901089,6,1.625912,0.0,0.0,38.20813,19.648057,1506.31492,1499.259342,1510.60936,1491.99621,1463.860526,1503.969649,1506.11736,1485.409577,1460.764313,1523.617706,0.707107,22.75,0.2352,0.66468,-0.060528,1503.969649,0.698492,83.450708,dynamic_school_elo_v4_balance_adjusted,1521.727757,60.419009
深圳技术大学::悍匠,深圳技术大学,深圳技术大学,悍匠,59,南部赛区,南部赛区,21,unseeded,1884,79,7.85,0.152193,0.34263,0.190759,1,0.632456,-0.487585,-0.308376,-0.862932,-0.10264,-0.043676,0.425525,-0.27695,-0.316736,-0.807339,2,4,3,5.55,5.55,-0.316736,-0.27695,1477.843967,1476.790035,1476.790035,0.649123,1469.855236,1469.855236,1496.645924,-26.790688,-6.934799,-1.160367,-10.037142,-2.155648,0.167325,0.37465,0.37465,0.68313,-11.197509,5,-2.345173,0.0,0.252674,26.790688,6.934799,1503.462386,1489.693326,1513.80261,1499.063592,1480.373409,1476.790035,1512.255136,1496.645924,1478.442392,1469.855236,0.707107,22.75,0.2352,0.66468,-0.054026,1476.790035,0.649123,37.377266,dynamic_school_elo_v4_balance_adjusted,1460.839032,61.015628
广州航海学院::ICBK破冰船,广州航海学院,广州航海学院,ICBK破冰船,60,南部赛区,南部赛区,27,unseeded,1884,152,4.65,-0.185917,-0.044475,-0.195732,0,0.0,0.0,0.0,0.0,1.428266,0.719115,0.503488,-0.304117,-0.013615,0.937281,0,0,6,2.1,2.1,-0.013615,-0.304117,1475.670662,1520.051305,1520.051305,0.411765,1521.889071,1521.889071,1491.199424,30.689648,1.837766,0.305411,14.117238,-2.445905,0.166186,0.46,0.46,0.654654,14.422649,4,1.717291,4.000323,0.0,30.689648,1.837766,1495.770381,1495.770381,1496.559051,1496.559051,1499.183107,1520.051305,1491.199424,1491.199424,1493.218889,1521.889071,0.0,22.75,0.2352,0.0,0.0,1520.051305,0.411765,82.625672,dynamic_school_elo_v4_balance_adjusted,1537.745664,73.003241
中北大学::606,中北大学,中北大学,606,61,东部赛区,东部赛区,16,tier2,1884,57,8.665,0.156516,0.373624,0.593699,1,0.632456,0.052353,0.033111,-0.006599,0.114671,0.052705,0.459619,-0.331509,0.113273,0.493129,3,5,4,7.15,7.15,0.113273,-0.331509,1473.479248,1509.037674,1509.037674,0.704433,1502.293829,1502.293829,1502.324248,-0.030419,-6.743845,-1.140413,-0.011505,-2.446134,0.169104,0.378209,0.378209,0.727607,-1.151918,2,-4.409521,0.0,0.294742,0.030419,6.743845,1503.560749,1492.58261,1515.272432,1505.559835,1510.691804,1509.037674,1513.146243,1502.324248,1505.592339,1502.293829,0.745356,22.75,0.2352,0.700635,-0.161574,1509.037674,0.704433,47.036953,dynamic_school_elo_v4_balance_adjusted,1500.73536,55.610546
南昌大学::Passion,南昌大学,南昌大学,Passion,62,东部赛区,南部赛区,9,tier2,1884,21,15.7,0.888079,1.2,3.0,3,0.816497,0.498587,0.407095,0.931226,-0.373765,-0.181082,0.484481,-0.359153,1.46018,3.0,14,11,5,16.25,16.25,1.46018,-0.359153,1471.267748,1638.875022,1638.875022,0.844156,1614.46978,1614.46978,1568.878268,45.591512,-24.405243,-4.213806,17.567309,-2.359594,0.17266,0.38532,0.38532,0.816497,13.353503,12,-0.847007,0.0,1.645086,45.591512,24.405243,1520.203809,1552.569754,1573.124889,1580.974212,1652.792419,1638.875022,1562.471789,1568.878268,1629.655249,1614.46978,0.856349,22.75,0.2352,0.804968,0.406134,1638.875022,0.844156,240.096122,dynamic_school_elo_v4_balance_adjusted,1647.376839,54.269952
天津大学::北洋机甲,天津大学,天津大学,北洋机甲,63,北部赛区,北部赛区,15,tier2,1884,46,10.86,0.297468,0.645125,2.618342,3,0.816497,-0.019807,-0.016172,-0.130185,-0.109961,-0.046791,0.425525,-0.387074,1.254419,3.0,10,12,3,15.55,15.55,1.254419,-0.387074,1469.034066,1597.841331,1597.841331,0.838275,1581.385142,1581.385142,1530.855911,50.529231,-16.456189,-2.835449,19.433837,-2.574464,0.172303,0.384606,0.384606,0.807573,16.598388,10,-1.622605,0.0,1.079024,50.529231,16.456189,1506.767391,1502.774733,1532.645268,1537.017317,1605.399616,1597.841331,1530.03292,1530.855911,1590.150467,1581.385142,0.866025,22.75,0.2352,0.814064,0.116457,1597.841331,0.838275,198.494314,dynamic_school_elo_v4_balance_adjusted,1609.163625,54.596766
上海大学::SRM,上海大学,上海大学,SRM,64,东部赛区,东部赛区,31,unseeded,1884,191,3.975,0.195429,-0.122268,-0.538092,0,0.0,0.0,0.0,0.0,0.642414,0.295266,0.459619,-0.4153,-0.037732,0.350775,0,0,4,1.4,1.4,-0.037732,-0.4153,1466.775976,1505.507733,1505.507733,0.318182,1501.455231,1501.455231,1486.374814,15.080417,-4.052502,-0.660939,6.936992,-3.632263,0.163094,0.46,0.46,0.57735,6.276053,2,-2.866692,2.229503,0.0,15.080417,4.052502,1504.446018,1504.446018,1494.320942,1494.320942,1497.736105,1505.507733,1486.374814,1486.374814,1491.910167,1501.455231,0.0,22.75,0.2352,0.0,0.0,1505.507733,0.318182,62.960871,dynamic_school_elo_v4_balance_adjusted,1507.514333,76.457609
成都大学::Ultra,成都大学,成都大学,Ultra,65,东部赛区,东部赛区,22,unseeded,1884,68,8.265,0.03286,0.245981,0.060067,1,0.632456,-0.222526,-0.140737,-0.442552,0.62151,0.285658,0.459619,-0.443861,-0.086033,0.067066,2,5,4,6.9,6.9,-0.086033,-0.443861,1464.491095,1498.472614,1498.472614,0.69697,1498.88058,1498.88058,1494.804187,4.076393,0.407966,0.068989,1.541727,-3.275154,0.169104,0.378209,0.378209,0.727607,1.610715,3,-0.491061,0.0,0.0,4.076393,0.407966,1500.747561,1479.634199,1504.970672,1496.219287,1492.189141,1498.472614,1504.96398,1494.804187,1489.844262,1498.88058,0.745356,22.75,0.2352,0.700635,-0.324966,1498.472614,0.69697,38.956939,dynamic_school_elo_v4_balance_adjusted,1496.317114,56.130511
齐鲁工业大学::Adam,齐鲁工业大学,齐鲁工业大学,Adam,66,东部赛区,东部赛区,15,tier2,1884,48,10.615,-0.178135,0.722298,1.541955,1,0.632456,-0.277781,-0.175684,-0.530187,0.661107,0.281317,0.425525,-0.472789,0.679459,2.587321,14,5,3,9.55,9.55,0.679459,-0.472789,1462.17687,1560.967272,1560.967272,0.760956,1555.082046,1555.082046,1515.687258,39.394788,-5.885227,-0.990391,14.834838,-3.576805,0.168284,0.376569,0.376569,0.707107,13.844447,7,0.184163,0.0,0.326164,39.394788,5.885227,1495.947435,1497.780628,1534.276177,1519.013456,1554.089031,1560.967272,1533.196453,1515.687258,1545.082065,1555.082046,0.745356,22.75,0.2352,0.700635,-0.0244,1560.967272,0.760956,144.580744,dynamic_school_elo_v4_balance_adjusted,1571.092913,56.855631
西安电子科技大学::IRobot,西安电子科技大学,西安电子科技大学,IRobot,67,北部赛区,北部赛区,10,tier2,1884,35,12.965,0.637307,1.2,3.0,1,0.632456,0.121463,0.07682,0.103008,2.14133,1.110324,0.518521,-0.502118,1.316065,3.0,10,5,7,9.95,9.95,1.316065,-0.502118,1459.830548,1654.975306,1654.975306,0.76834,1660.369528,1660.369528,1568.617126,91.752402,5.394222,0.922325,35.046457,-3.490309,0.170984,0.381968,0.381968,0.774597,35.968782,7,1.755671,0.0,0.0,91.752402,5.394222,1514.498741,1541.140842,1569.893202,1574.351725,1631.057323,1654.975306,1561.858813,1568.617126,1614.34567,1660.369528,0.745356,22.75,0.2352,0.700635,0.323769,1654.975306,0.76834,294.047052,dynamic_school_elo_v4_balance_adjusted,1689.20945,61.677109
桂林信息科技学院::GIRT,桂林信息科技学院,桂林信息科技学院,GIRT,68,南部赛区,南部赛区,14,tier2,1884,34,12.975,0.447931,1.2,1.070328,3,0.816497,0.283242,0.231266,0.490306,-0.07238,-0.035067,0.484481,-0.531886,0.701535,2.541502,12,9,5,13.75,13.75,0.701535,-0.531886,1457.449148,1559.831109,1559.831109,0.820896,1535.220647,1535.220647,1509.040985,26.179661,-24.610463,-4.230759,10.048223,-3.585288,0.171909,0.383818,0.383818,0.797724,5.817464,10,-1.145502,0.0,1.562682,26.179661,24.610463,1510.190431,1534.976053,1567.640351,1531.104146,1566.419512,1559.831109,1560.953464,1509.040985,1543.071389,1535.220647,0.83205,22.75,0.2352,0.782127,0.202119,1559.831109,0.820896,155.88027,dynamic_school_elo_v4_balance_adjusted,1559.355102,53.708892
上海工程技术大学::木鸢Birdiebot,上海工程技术大学,上海工程技术大学,木鸢Birdiebot,69,东部赛区,东部赛区,9,tier2,1884,31,13.565,0.964176,1.2,3.0,1,0.632456,0.23721,0.150025,0.286581,0.194753,0.089512,0.459619,-0.562132,1.220301,3.0,15,5,4,10.15,10.15,1.220301,-0.562132,1455.029427,1609.481547,1609.481547,0.771863,1593.170249,1593.170249,1546.313805,46.856443,-16.311298,-2.75831,17.721507,-4.147848,0.169104,0.378209,0.378209,0.727607,14.963197,3,-4.056822,0.0,0.933628,46.856443,16.311298,1521.935002,1554.192908,1572.593383,1556.241642,1612.622874,1609.481547,1561.441976,1546.313805,1594.519827,1593.170249,0.745356,22.75,0.2352,0.700635,0.267759,1609.481547,0.771863,222.610311,dynamic_school_elo_v4_balance_adjusted,1615.306445,57.803253
厦门大学::RCS,厦门大学,厦门大学,RCS,70,南部赛区,南部赛区,32,unseeded,1884,193,3.9,0.165164,0.355028,1.349165,0,0.0,0.0,0.0,0.0,-1.08961,-0.463656,0.425525,-0.592902,0.043372,-0.555494,3,0,3,1.8,1.8,0.043372,-0.592902,1452.567842,1483.035028,1483.035028,0.375,1463.704473,1463.704473,1512.970419,-49.265946,-19.330556,-3.11008,-17.823367,-5.482968,0.160889,0.361779,0.361779,0.522233,-20.933447,3,-4.738098,0.0,0.297175,49.265946,19.330556,1503.757476,1493.387909,1515.305912,1515.305912,1502.60229,1483.035028,1512.970419,1512.970419,1496.311323,1463.704473,0.0,22.75,0.2352,0.0,-0.048828,1483.035028,0.375,104.098962,dynamic_school_elo_v4_balance_adjusted,1451.58334,78.298582
湘潭大学::逐曦,湘潭大学,湘潭大学,逐曦,71,南部赛区,南部赛区,22,unseeded,1884,92,6.85,-0.134033,0.175428,-1.928217,1,0.632456,-0.782351,-0.494802,-1.330426,-0.323162,-0.137514,0.425525,-0.624244,-1.161791,-3.0,2,3,3,4.55,4.55,-1.161791,-0.624244,1450.060502,1405.419701,1405.419701,0.602649,1401.30365,1401.30365,1466.784902,-65.481252,-4.116051,-0.684031,-24.383404,-5.020575,0.166186,0.372372,0.372372,0.654654,-25.067435,4,-4.232743,0.0,0.129929,65.481252,4.116051,1496.95074,1482.640669,1501.816602,1470.18983,1411.948126,1405.419701,1500.610065,1466.784902,1415.257622,1401.30365,0.654654,22.75,0.2352,0.615374,-0.392606,1405.419701,0.602649,118.600776,dynamic_school_elo_v4_balance_adjusted,1370.969019,67.509691
香港科技大学::ENTERPRIZE,香港科技大学,香港科技大学,ENTERPRIZE,72,北部赛区,北部赛区,18,unseeded,1884,55,9.25,0.0,0.0,1.251914,2,0.755929,-0.003068,-0.002319,-0.095446,-0.134923,-0.057413,0.425525,-0.656211,0.231995,1.148749,7,3,3,5.8,5.8,0.231995,-0.656211,1447.503112,1525.295057,1525.295057,0.659091,1507.337998,1507.337998,1511.59994,-4.261941,-17.957059,-2.984214,-1.587029,-5.277677,0.166186,0.372372,0.372372,0.654654,-4.571243,4,-2.044354,0.0,0.745062,4.261941,17.957059,1500.0,1524.529018,1541.470814,1527.468828,1530.823338,1525.295057,1534.215153,1511.59994,1516.710822,1507.337998,0.654654,22.75,0.2352,0.615374,0.64912,1525.295057,0.659091,102.80036,dynamic_school_elo_v4_balance_adjusted,1512.65672,59.473578
四川大学::火锅,四川大学,四川大学,火锅,73,北部赛区,北部赛区,16,tier2,1884,50,9.85,0.223101,0.34263,0.698129,3,0.816497,0.232077,0.18949,0.385547,-0.621254,-0.28554,0.459619,-0.688864,0.55931,1.227515,2,13,4,14.9,14.9,0.55931,-0.688864,1444.89091,1527.248228,1527.248228,0.832402,1510.671622,1510.671622,1503.795883,6.875739,-16.576606,-2.867502,2.653827,-4.474822,0.172985,0.38597,0.38597,0.824621,-0.213675,11,-2.403277,0.0,1.026379,6.875739,16.576606,1505.075543,1484.212923,1511.222549,1509.926116,1541.717943,1527.248228,1510.799313,1503.795883,1531.88019,1510.671622,0.874475,22.75,0.2352,0.822006,-0.249643,1527.248228,0.832402,109.239319,dynamic_school_elo_v4_balance_adjusted,1519.130075,50.849304
厦门大学嘉庚学院::TCR,厦门大学嘉庚学院,厦门大学嘉庚学院,TCR,74,南部赛区,南部赛区,17,unseeded,1884,56,9.235,-0.029401,0.169068,-3.0,3,0.816497,-0.395804,-0.323172,-0.900037,1.586442,0.768601,0.484481,-0.722268,-1.399155,-3.0,3,9,5,11.5,11.5,-1.399155,-0.722268,1442.218579,1411.841624,1411.841624,0.793103,1415.60083,1415.60083,1446.225476,-30.624646,3.759206,0.646241,-11.754288,-4.868598,0.171909,0.383818,0.383818,0.797724,-11.108047,9,-1.584959,0.0,0.0,30.624646,3.759206,1499.33113,1489.677029,1504.966232,1465.492869,1389.06174,1411.841624,1502.295478,1446.225476,1383.081167,1415.60083,0.83205,22.75,0.2352,0.782127,-0.119501,1411.841624,0.793103,66.345766,dynamic_school_elo_v4_balance_adjusted,1394.28002,54.453676
青岛大学::未来,青岛大学,青岛大学,未来,75,东部赛区,东部赛区,26,unseeded,1884,90,7.1,0.063125,0.227509,-0.979805,1,0.632456,-0.748081,-0.473128,-1.276075,0.028387,0.012079,0.425525,-0.756498,-0.871336,-2.427921,3,3,3,4.8,4.8,-0.871336,-0.756498,1439.480157,1436.604519,1436.604519,0.615385,1433.320736,1433.320736,1480.150114,-46.829377,-3.283783,-0.545719,-17.437963,-6.08425,0.166186,0.372372,0.372372,0.654654,-17.983682,3,-3.912593,0.0,0.111733,46.829377,3.283783,1501.436103,1490.818765,1508.247713,1484.324943,1438.073789,1436.604519,1505.692901,1480.150114,1438.719121,1433.320736,0.654654,22.75,0.2352,0.615374,-0.091561,1436.604519,0.615385,57.013124,dynamic_school_elo_v4_balance_adjusted,1408.512261,65.132985
中国石油大学（北京）::SPR,中国石油大学（北京）,中国石油大学（北京）,SPR,76,东部赛区,东部赛区,12,tier2,1884,39,12.17,0.457443,0.454206,-0.447393,2,0.755929,-0.088157,-0.06664,-0.256741,0.7075,0.325181,0.459619,-0.791639,-0.104881,0.246315,2,10,4,11.9,11.9,-0.104881,-0.791639,1436.668911,1502.917458,1502.917458,0.798658,1494.706199,1494.706199,1487.652965,7.053234,-8.211259,-1.411589,2.707157,-5.336207,0.171909,0.383818,0.383818,0.797724,1.295569,7,-0.128854,0.0,0.461741,7.053234,8.211259,1510.40683,1487.884813,1516.532077,1502.4793,1495.676806,1502.917458,1515.81255,1487.652965,1483.577155,1494.706199,0.845154,22.75,0.2352,0.794445,-0.394244,1502.917458,0.798658,82.103633,dynamic_school_elo_v4_balance_adjusted,1498.286224,52.175009
南京航空航天大学金城学院::Born of Fire,南京航空航天大学金城学院,南京航空航天大学金城学院,Born of Fire,77,东部赛区,东部赛区,7,tier1,1884,26,14.6,0.379617,0.743063,3.0,2,0.755929,0.147461,0.11147,0.1899,1.009895,0.50847,0.503488,-0.827785,1.530428,3.0,8,12,6,16.1,16.1,1.530428,-0.827785,1433.777191,1654.148808,1654.148808,0.842932,1647.580643,1647.580643,1562.300313,85.280331,-6.568165,-1.138145,32.966308,-5.321286,0.173282,0.386564,0.386564,0.83205,31.828163,15,0.449457,0.0,0.432557,85.280331,6.568165,1508.636292,1504.996707,1538.014852,1566.039055,1645.585698,1654.148808,1535.498414,1562.300313,1629.092271,1647.580643,0.866025,22.75,0.2352,0.814064,0.13263,1654.148808,0.842932,313.102127,dynamic_school_elo_v4_balance_adjusted,1680.672586,57.678828
华中科技大学::狼牙,华中科技大学,华中科技大学,狼牙,78,东部赛区,南部赛区,13,tier2,1884,33,13.34,0.49895,1.181928,2.642027,3,0.816497,0.362397,0.295896,0.652376,1.32183,0.665525,0.503488,-0.865047,1.248157,3.0,11,9,6,13.85,13.85,1.248157,-0.865047,1430.796239,1620.884236,1620.884236,0.821958,1615.031726,1615.031726,1531.189691,83.842035,-5.85251,-1.008405,32.246135,-5.753503,0.172303,0.384606,0.384606,0.807573,31.237731,8,-2.679083,0.0,0.371358,83.842035,5.85251,1511.351117,1497.191848,1557.19913,1542.639565,1608.238997,1620.884236,1559.200735,1531.189691,1588.951858,1615.031726,0.83205,22.75,0.2352,0.782127,0.099136,1620.884236,0.821958,282.832983,dynamic_school_elo_v4_balance_adjusted,1643.318023,58.61098
西交利物浦大学::GMaster,西交利物浦大学,西交利物浦大学,GMaster,79,南部赛区,南部赛区,23,unseeded,1884,96,6.28,0.749722,0.938941,3.0,0,0.0,0.0,0.0,0.0,-0.202515,-0.086175,0.425525,-0.903551,0.181788,0.307288,0,0,3,1.05,1.05,0.181788,-0.903551,1427.715955,1504.429389,1504.429389,0.259259,1492.804858,1492.804858,1552.189412,-59.384553,-11.62453,-1.870263,-27.316895,-8.355746,0.160889,0.46,0.46,0.522233,-29.187157,1,-3.454189,1.57001,0.0,59.384553,11.62453,1517.056185,1517.056185,1555.653355,1555.653355,1510.907282,1504.429389,1552.189412,1552.189412,1503.82266,1492.804858,0.0,22.75,0.2352,0.0,0.0,1504.429389,0.259259,152.746716,dynamic_school_elo_v4_balance_adjusted,1465.002306,85.09465
内蒙古科技大学::雷霆,内蒙古科技大学,内蒙古科技大学,雷霆,80,北部赛区,北部赛区,29,unseeded,1884,118,5.575,-0.030266,0.148613,0.420357,0,0.0,0.0,0.0,0.0,0.469832,0.215944,0.459619,-0.943443,0.034345,0.326375,2,0,4,1.9,1.9,0.034345,-0.943443,1424.524589,1504.902696,1504.902696,0.387755,1501.166433,1501.166433,1499.881473,1.28496,-3.736263,-0.609362,0.470537,-8.251455,0.163094,0.366188,0.366188,0.57735,-0.138825,0,0.0,0.0,0.052468,1.28496,3.736263,1499.311457,1485.235957,1501.780875,1501.780875,1502.060684,1504.902696,1499.881473,1499.881473,1495.821475,1501.166433,0.0,22.75,0.2352,0.0,-0.29386,1504.902696,0.387755,85.451797,dynamic_school_elo_v4_balance_adjusted,1496.459948,72.3495
华南师范大学::PIONEER,华南师范大学,华南师范大学,PIONEER,81,北部赛区,北部赛区,28,unseeded,1884,114,5.6,0.678814,0.80257,3.0,0,0.0,0.0,0.0,0.0,-0.609592,-0.228766,0.375278,-1.054896,0.147493,-0.001306,3,0,2,1.45,1.45,0.147493,-1.054896,1415.608347,1496.777187,1496.777187,0.325843,1481.036831,1481.036831,1537.278821,-56.24199,-15.740356,-2.485222,-20.009612,-10.47549,0.157889,0.355777,0.355777,0.447214,-22.494833,2,-3.953851,0.0,0.0,56.24199,15.740356,1515.443028,1497.201835,1537.76042,1537.76042,1508.849551,1496.777187,1537.278821,1537.278821,1501.961573,1481.036831,0.0,22.75,0.2352,0.0,-0.064524,1496.777187,0.325843,157.105037,dynamic_school_elo_v4_balance_adjusted,1459.853012,82.061751
辽宁石油化工大学::TCN,辽宁石油化工大学,辽宁石油化工大学,TCN,82,北部赛区,北部赛区,31,unseeded,1884,134,5.025,-0.164299,-0.024032,-0.105763,0,0.0,0.0,0.0,0.0,0.507702,0.23335,0.459619,-1.194603,-0.004143,0.368931,0,0,4,1.4,1.4,-0.004143,-1.194603,1404.431743,1505.957941,1505.957941,0.318182,1499.99947,1499.99947,1492.467277,7.532193,-5.95847,-0.971791,3.464809,-10.448134,0.163094,0.46,0.46,0.57735,2.493018,2,-0.826621,1.861879,0.0,7.532193,5.95847,1496.262197,1496.262197,1497.799099,1497.799099,1499.751391,1505.957941,1492.467277,1492.467277,1493.732866,1499.99947,0.0,22.75,0.2352,0.0,0.0,1505.957941,0.318182,117.705361,dynamic_school_elo_v4_balance_adjusted,1499.038082,76.957888
南京理工大学江阴校区::Combat,南京理工大学江阴校区,南京理工大学江阴校区,Combat,83,东部赛区,东部赛区,29,unseeded,1884,128,5.25,-0.043237,0.047302,0.208171,0,0.0,0.0,0.0,0.0,-0.084975,-0.036159,0.425525,-1.349719,0.011724,0.006311,0,0,3,1.05,1.05,0.011724,-1.349719,1392.022451,1496.966086,1496.966086,0.259259,1486.436656,1486.436656,1496.89131,-10.454654,-10.529431,-1.694073,-4.809141,-12.0,0.160889,0.46,0.46,0.522233,-6.503214,2,-4.158519,1.57001,0.0,10.454654,10.529431,1499.016368,1499.016368,1502.370255,1502.370255,1500.703412,1496.966086,1496.89131,1496.89131,1494.593908,1486.436656,0.0,22.75,0.2352,0.0,0.0,1496.966086,0.259259,131.656248,dynamic_school_elo_v4_balance_adjusted,1475.874364,80.740592
西南交通大学::Helios,西南交通大学,西南交通大学,Helios,84,东部赛区,东部赛区,18,unseeded,1884,57,8.665,0.334651,0.465364,1.561658,1,0.632456,0.704107,0.445316,1.027072,1.383128,0.6701,0.484481,-1.516863,0.647538,2.829705,3,5,5,7.5,7.5,0.647538,-1.516863,1378.650975,1566.977674,1566.977674,0.714286,1571.103636,1571.103636,1515.964905,55.138731,4.125962,0.700647,20.932233,-10.947594,0.169814,0.379628,0.379628,0.745356,21.63288,5,-3.973888,0.0,0.0,55.138731,4.125962,1507.613314,1490.507838,1520.376264,1517.512072,1551.121872,1566.977674,1519.451628,1515.964905,1543.531967,1571.103636,0.745356,22.75,0.2352,0.700635,0.012911,1566.977674,0.714286,251.56528,dynamic_school_elo_v4_balance_adjusted,1573.689071,61.882059
中国矿业大学::CUBOT,中国矿业大学,中国矿业大学,CUBOT,85,东部赛区,东部赛区,8,tier1,1884,30,13.6,0.581964,0.683556,0.485761,2,0.755929,0.16335,0.123481,0.220017,0.5337,0.258568,0.484481,-1.694472,0.437598,2.00606,3,9,5,11.5,11.5,0.437598,-1.694472,1364.442206,1546.553767,1546.553767,0.793103,1529.616041,1529.616041,1500.803154,28.812887,-16.937726,-2.911747,11.058903,-8.0,0.171909,0.383818,0.383818,0.797724,8.147156,10,-1.18826,0.0,0.94583,28.812887,16.937726,1513.239692,1509.396624,1535.267971,1521.417277,1543.006903,1546.553767,1531.234088,1500.803154,1522.716738,1529.616041,0.83205,22.75,0.2352,0.782127,-0.003976,1546.553767,0.793103,229.996265,dynamic_school_elo_v4_balance_adjusted,1544.566833,55.618058
香港大学::HerKules,香港大学,香港大学,HerKules,86,北部赛区,北部赛区,26,unseeded,1884,88,7.275,0.0,0.0,-0.513787,0,0.0,0.0,0.0,0.0,-0.775112,-0.329829,0.425525,-1.881794,0.043114,-0.3977,5,0,3,2.3,2.3,0.043114,-1.881794,1349.456459,1486.947825,1486.947825,0.433962,1471.344366,1471.344366,1486.717334,-15.372968,-15.603459,-2.51043,-5.561612,-12.0,0.160889,0.361779,0.361779,0.522233,-8.072042,1,-4.846286,0.0,0.329654,15.372968,15.603459,1500.0,1506.206586,1495.038785,1495.038785,1502.586825,1486.947825,1486.717334,1486.717334,1496.297336,1471.344366,0.0,22.75,0.2352,0.0,-0.116746,1486.947825,0.433962,173.643735,dynamic_school_elo_v4_balance_adjusted,1461.699844,72.8144
厦门理工学院::PFA,厦门理工学院,厦门理工学院,PFA,87,南部赛区,南部赛区,31,unseeded,1884,190,4.0,0.199753,0.386021,1.459888,0,0.0,0.0,0.0,0.0,1.303892,0.599294,0.459619,-2.078574,0.050301,0.968455,3,0,4,2.15,2.15,0.050301,-2.078574,1333.714074,1520.824316,1520.824316,0.417476,1522.330675,1522.330675,1514.530743,7.799932,1.506359,0.245678,2.856242,-12.0,0.163094,0.366188,0.366188,0.57735,3.10192,2,0.340255,0.0,0.0,7.799932,1.506359,1504.544381,1493.563303,1516.730911,1516.730911,1503.018058,1520.824316,1514.530743,1514.530743,1496.687358,1522.330675,0.0,22.75,0.2352,0.0,-0.066454,1520.824316,0.417476,196.756788,dynamic_school_elo_v4_balance_adjusted,1512.266491,72.000354
福建师范大学::PKA,福建师范大学,福建师范大学,PKA,88,东部赛区,东部赛区,25,unseeded,1884,85,7.375,0.165164,0.324035,1.107534,0,0.0,0.0,0.0,0.0,1.753085,0.909011,0.518521,-2.284962,0.093134,1.385293,2,0,7,2.95,2.95,0.093134,-2.284962,1317.203032,1531.160641,1531.160641,0.495798,1535.586994,1535.586994,1509.565301,26.021693,4.426353,0.74064,9.749038,-12.0,0.167325,0.37465,0.37465,0.68313,10.489678,3,4.737564,0.0,0.0,26.021693,4.426353,1503.757476,1489.605247,1511.396461,1511.396461,1505.58805,1531.160641,1509.565301,1509.565301,1499.011752,1535.586994,0.0,22.75,0.2352,0.0,-0.279085,1531.160641,0.495798,249.14322,dynamic_school_elo_v4_balance_adjusted,1534.387883,70.0889
华南师范大学（佛山校区）::VANGUARD,华南师范大学（佛山校区）,华南师范大学（佛山校区）,VANGUARD,89,南部赛区,南部赛区,29,unseeded,1884,182,4.175,0.0,-0.311327,-1.370123,0,0.0,0.0,0.0,0.0,0.178666,0.082118,0.459619,-2.641524,-0.067156,-0.045232,0,0,4,1.4,1.4,-0.067156,-2.641524,1288.678048,1495.687967,1495.687967,0.318182,1488.572318,1488.572318,1474.649667,13.922651,-7.11565,-1.16052,6.404419,-16.0,0.163094,0.46,0.46,0.57735,5.2439,2,-0.328899,2.129201,0.0,13.922651,7.11565,1500.0,1500.0,1482.877,1482.877,1495.970618,1495.687967,1474.649667,1474.649667,1490.313397,1488.572318,0.0,22.75,0.2352,0.0,0.0,1495.687967,0.318182,230.50632,dynamic_school_elo_v4_balance_adjusted,1486.732169,78.594569
重庆理工大学::士继DREAMER,重庆理工大学,重庆理工大学,士继DREAMER,90,北部赛区,南部赛区,26,unseeded,1884,128,5.25,0.228289,-0.088796,-2.761943,1,0.632456,-1.072518,-0.67832,-1.790627,0.1234,0.05251,0.425525,-3.074069,-1.529823,-3.0,0,3,3,4.05,4.05,-1.529823,-3.074069,1254.074498,1386.489961,1386.489961,0.574468,1385.431297,1385.431297,1455.03586,-69.604563,-1.058664,-0.175935,-25.918811,-16.0,0.166186,0.372372,0.372372,0.654654,-26.094746,5,-3.856605,0.0,0.026825,69.604563,1.058664,1505.193579,1505.193579,1496.337767,1464.686989,1386.479903,1386.489961,1488.450742,1455.03586,1388.517366,1385.431297,0.654654,22.75,0.2352,0.615374,0.0,1386.489961,0.574468,206.96212,dynamic_school_elo_v4_balance_adjusted,1340.511785,70.969885
北京理工大学珠海学院::毅恒,北京理工大学珠海学院,北京理工大学珠海学院,毅恒,91,东部赛区,东部赛区,13,tier2,1884,40,12.055,0.568129,1.020763,1.117695,3,0.816497,-0.275734,-0.225136,-0.654196,-0.049603,-0.018615,0.375278,-3.554248,0.363192,1.506705,9,9,2,11.95,11.95,0.363192,-3.554248,1215.66013,1534.171297,1534.171297,0.799331,1517.903129,1517.903129,1509.708493,8.194636,-16.268168,-2.772672,3.121098,-12.0,0.170435,0.380871,0.380871,0.760886,0.348426,11,-0.852264,0.0,0.0,8.194636,16.268168,1512.924929,1494.85707,1546.970619,1521.04324,1538.250007,1534.171297,1548.286189,1509.708493,1525.199542,1517.903129,0.83205,22.75,0.2352,0.782127,-0.185559,1534.171297,0.799331,343.826234,dynamic_school_elo_v4_balance_adjusted,1521.667459,53.869669
常州大学::Climber,常州大学,常州大学,Climber,92,北部赛区,北部赛区,27,unseeded,1884,99,6.225,0.186782,0.34263,1.112476,0,0.0,0.0,0.0,0.0,-0.296828,-0.126308,0.425525,-4.07626,0.078104,-0.001094,2,0,3,1.55,1.55,0.078104,-4.07626,1173.899189,1496.782454,1496.782454,0.340659,1484.883023,1484.883023,1509.634943,-24.75192,-11.899431,-1.914491,-8.954716,-16.0,0.160889,0.361779,0.361779,0.522233,-10.869207,1,-4.642739,0.0,0.142309,24.75192,11.899431,1504.249292,1489.684565,1511.476878,1511.476878,1504.686224,1496.782454,1509.634943,1509.634943,1498.196109,1484.883023,0.0,22.75,0.2352,0.0,-0.406098,1496.782454,0.340659,364.319664,dynamic_school_elo_v4_balance_adjusted,1465.128198,78.852606
北京信息科技大学::星辰,北京信息科技大学,北京信息科技大学,星辰,93,北部赛区,北部赛区,21,unseeded,1884,74,8.07,0.155652,0.366582,-0.644611,1,0.632456,-0.941646,-0.595549,-1.583066,-1.133281,-0.482239,0.425525,-4.640876,-0.654032,-2.584448,3,3,3,4.8,4.8,-0.654032,-4.640876,1128.729901,1432.723116,1432.723116,0.615385,1419.562973,1419.562973,1484.873727,-65.310754,-13.160144,-2.187034,-24.319915,-16.0,0.166186,0.372372,0.372372,0.654654,-26.506949,3,-3.296165,0.0,0.447782,65.310754,13.160144,1503.541076,1486.578394,1513.908813,1487.121967,1452.833262,1432.723116,1513.201013,1484.873727,1453.232646,1419.562973,0.654654,22.75,0.2352,0.615374,-0.102575,1432.723116,0.615385,386.208061,dynamic_school_elo_v4_balance_adjusted,1386.47222,69.25102
南方科技大学::ARTINX,南方科技大学,南方科技大学,ARTINX,94,东部赛区,东部赛区,3,tier1,1884,12,18.4,0.91748,1.2,3.0,2,0.755929,0.113528,0.085819,0.125575,-0.776697,-0.330504,0.425525,-5.256016,1.65172,3.0,10,13,3,16.55,16.55,1.65172,-5.256016,1079.518733,1644.721553,1644.721553,0.846547,1614.30999,1614.30999,1566.353525,47.956465,-30.411563,-5.250856,18.478572,-12.0,0.17266,0.38532,0.38532,0.816497,13.227716,14,0.678629,0.0,2.034431,47.956465,30.411563,1520.872679,1541.451763,1569.358637,1576.896715,1662.312752,1644.721553,1561.173573,1566.353525,1639.301546,1614.30999,0.874475,22.75,0.2352,0.822006,0.231694,1644.721553,0.846547,646.283909,dynamic_school_elo_v4_balance_adjusted,1644.593468,56.369003
武汉大学::珞珈狐,武汉大学,武汉大学,珞珈狐,95,南部赛区,南部赛区,30,unseeded,1884,185,4.13,0.0,-0.311327,-1.370123,0,0.0,0.0,0.0,0.0,1.056986,0.485811,0.459619,-5.946176,-0.06787,0.537396,0,0,4,1.4,1.4,-0.06787,-5.946176,1024.305954,1510.135369,1510.135369,0.318182,1509.909076,1509.909076,1474.649667,35.259409,-0.226293,-0.036907,16.219328,-16.0,0.163094,0.46,0.46,0.57735,16.182421,4,3.234424,4.501804,0.0,35.259409,0.226293,1500.0,1500.0,1482.877,1482.877,1495.927802,1510.135369,1474.649667,1474.649667,1490.274672,1509.909076,0.0,22.75,0.2352,0.0,0.0,1510.135369,0.318182,529.051346,dynamic_school_elo_v4_balance_adjusted,1518.054018,80.29766
福建理工大学::苍侠,福建理工大学,福建理工大学,苍侠,96,东部赛区,东部赛区,21,unseeded,1884,65,8.415,0.0,0.336432,-0.066398,1,0.632456,-0.197818,-0.125111,-0.403366,0.182902,0.077829,0.425525,-6.814119,-0.022341,-0.080043,2,5,3,6.55,6.55,-0.022341,-6.814119,954.87047,1494.824749,1494.824749,0.685864,1490.493618,1490.493618,1493.022022,-2.528405,-4.331131,-0.728861,-0.952118,-16.0,0.168284,0.376569,0.376569,0.707107,-1.680979,6,-2.442979,0.0,0.176182,2.528405,4.331131,1500.0,1478.132017,1509.30725,1494.820184,1495.030375,1494.824749,1510.252343,1493.022022,1492.131615,1490.493618,0.745356,22.75,0.2352,0.700635,-0.277682,1494.824749,0.685864,549.432975,dynamic_school_elo_v4_balance_adjusted,1474.524609,58.897009
