team_key,school_key,college_name,team_name,preferred_region,admitted_region,seed_rank_in_region,seed_tier,ranking_source,ranking_global_rank,ranking_score,shape_rank,program_base_theta,prior_delta_theta,regional_pre_theta,regional_pre_rating,pre_signal_sd_theta,pre_signal_sd_rating,rmuc_history_strength,beta_perf,mu0,sigma0
浙江大学::Hello World,浙江大学,浙江大学,Hello World,东部赛区,东部赛区,1,tier1,1884,4,21.1,42,2.1583558988286446,0.38025196915618836,2.538607867984833,1842.7120621779525,0.2919926764169434,39.41901131628735,0.8699309045599775,1.8179707527160645,1842.7120621779525,39.41901131628735
中国石油大学（华东）::RPS,中国石油大学（华东）,中国石油大学（华东）,RPS,东部赛区,东部赛区,2,tier1,1884,11,18.72,10,2.2954026211876863,0.3845228738862005,2.6799254950738867,1861.7899418349748,0.2919926764169434,39.41901131628735,0.8733540363779754,1.8179707527160645,1861.7899418349748,39.41901131628735
南方科技大学::ARTINX,南方科技大学,南方科技大学,ARTINX,东部赛区,东部赛区,3,tier1,1884,12,18.4,94,1.3606234051983621,-0.37320838298332876,0.9874150222150333,1633.3010279990294,0.2919926764169434,39.41901131628735,0.8881159438042086,1.8179707527160645,1633.3010279990294,39.41901131628735
东南大学::3SE,东南大学,东南大学,3SE,东部赛区,东部赛区,4,tier1,1884,14,17.94,40,1.1913776796920585,0.05663902993460736,1.2480167096266659,1668.4822557996,0.3649908455211792,49.273764145359195,0.8855046859507675,1.8179707527160645,1668.4822557996,49.273764145359195
中国科学技术大学::RoboWalker,中国科学技术大学,中国科学技术大学,RoboWalker,东部赛区,东部赛区,5,tier1,1884,19,16.86,20,2.5972116012314657,0.3634286729972862,2.960640274228752,1899.6864370208814,0.2919926764169434,39.41901131628735,0.8950592054129894,1.8179707527160645,1899.6864370208814,39.41901131628735
山东科技大学::SmartRobot,山东科技大学,山东科技大学,SmartRobot,东部赛区,东部赛区,6,tier1,1884,24,14.8,53,0.9023169932862586,-0.17706241861747465,0.725254574668784,1597.9093675802858,0.2919926764169434,39.41901131628735,0.847520752124032,1.8179707527160645,1597.9093675802858,39.41901131628735
南京航空航天大学金城学院::Born of Fire,南京航空航天大学金城学院,南京航空航天大学金城学院,Born of Fire,东部赛区,东部赛区,7,tier1,1884,26,14.6,77,1.8560584330715615,0.2827154625542477,2.138773895625809,1788.7344759094842,0.2919926764169434,39.41901131628735,0.8900392595380568,1.8179707527160645,1788.7344759094842,39.41901131628735
中国矿业大学::CUBOT,中国矿业大学,中国矿业大学,CUBOT,东部赛区,东部赛区,8,tier1,1884,30,13.6,85,0.5172718900343187,-0.3277456366556275,0.18952625337869122,1525.5860442061232,0.2919926764169434,39.41901131628735,0.8089101585217061,1.8179707527160645,1525.5860442061232,39.41901131628735
上海工程技术大学::木鸢Birdiebot,上海工程技术大学,上海工程技术大学,木鸢Birdiebot,东部赛区,东部赛区,9,tier2,1884,31,13.565,69,0.04106233581292581,-0.35792217777140045,-0.31685984195847466,1457.2239213356058,0.2919926764169434,39.41901131628735,0.6254031809378238,1.8179707527160645,1457.2239213356058,39.41901131628735
哈尔滨工业大学（深圳）::南工骁鹰,哈尔滨工业大学（深圳）,哈尔滨工业大学（深圳）,南工骁鹰,东部赛区,东部赛区,10,tier2,1884,32,13.535,7,0.5839903408175673,-0.04240479598033556,0.5415855448372318,1573.1140485530264,0.2919926764169434,39.41901131628735,0.8934435079502622,1.8179707527160645,1573.1140485530264,39.41901131628735
首都师范大学::PIE,首都师范大学,首都师范大学,PIE,东部赛区,东部赛区,11,tier2,1884,38,12.235,38,0.3465291259073533,0.05521012679285636,0.40173925270020966,1554.2347991145284,0.2919926764169434,39.41901131628735,0.8171100549452982,1.8179707527160645,1554.2347991145284,39.41901131628735
中国石油大学（北京）::SPR,中国石油大学（北京）,中国石油大学（北京）,SPR,东部赛区,东部赛区,12,tier2,1884,39,12.17,76,0.5226350467654196,-0.29264449497085016,0.22999055179456945,1531.048724492267,0.2919926764169434,39.41901131628735,0.8438970771489702,1.8179707527160645,1531.048724492267,39.41901131628735
北京理工大学珠海学院::毅恒,北京理工大学珠海学院,北京理工大学（珠海）,毅恒,东部赛区,东部赛区,13,tier2,1884,40,12.055,91,0.1280169313632517,-0.368450807226091,-0.24043387586283932,1467.5414267585168,0.3649908455211792,49.273764145359195,0.8083068320701722,1.8179707527160645,1467.5414267585168,49.273764145359195
南京理工大学::Alliance,南京理工大学,南京理工大学,Alliance,东部赛区,东部赛区,14,tier2,1884,42,11.415,19,0.19252685402965922,-0.050469314146282904,0.14205753988337633,1519.177767884256,0.2919926764169434,39.41901131628735,0.776851911456987,1.8179707527160645,1519.177767884256,39.41901131628735
齐鲁工业大学::Adam,齐鲁工业大学,齐鲁工业大学,Adam,东部赛区,东部赛区,15,tier2,1884,48,10.615,66,0.3564078551134565,-0.35059708642116505,0.005810768692291468,1500.7844537734593,0.2919926764169434,39.41901131628735,0.6283524759675949,1.8179707527160645,1500.7844537734593,39.41901131628735
中北大学::606,中北大学,中北大学,606,东部赛区,东部赛区,17,unseeded,1884,57,8.665,61,-0.32301453990501805,-0.2704155386984726,-0.5934300786034907,1419.8869393885288,0.2919926764169434,39.41901131628735,0.6414499609262999,1.8179707527160645,1419.8869393885288,39.41901131628735
合肥工业大学::苍穹,合肥工业大学,合肥工业大学,苍穹,东部赛区,东部赛区,16,tier2,1884,57,8.665,33,-0.11677569727793571,-0.12982948818599657,-0.24660518546393229,1466.7082999623692,0.2919926764169434,39.41901131628735,0.6505751325662825,1.8179707527160645,1466.7082999623692,39.41901131628735
西南交通大学::Helios,西南交通大学,西南交通大学,Helios,东部赛区,东部赛区,18,unseeded,1884,57,8.665,84,0.31905595376877216,-0.4026435875943526,-0.08358763382558043,1488.7156694335467,0.2919926764169434,39.41901131628735,0.6455003136068211,1.8179707527160645,1488.7156694335467,39.41901131628735
合肥工业大学(宣城校区)::WDR,合肥工业大学(宣城校区),合肥工业大学（宣城校区）,WDR,东部赛区,东部赛区,19,unseeded,1884,65,8.415,26,0.7512222471171439,0.5306727113847175,1.2818949585018613,1673.0558193977513,0.2919926764169434,39.41901131628735,0.6510862255659006,1.8179707527160645,1673.0558193977513,39.41901131628735
安徽信息工程学院::Artisans,安徽信息工程学院,安徽信息工程学院,Artisans,东部赛区,东部赛区,20,unseeded,1884,65,8.415,34,-0.00041382669281331795,0.10894559561341835,0.10853176892060504,1514.6517888042818,0.3649908455211792,49.273764145359195,0.6465170653851496,1.8179707527160645,1514.6517888042818,49.273764145359195
福建理工大学::苍侠,福建理工大学,福建理工大学,苍侠,东部赛区,东部赛区,21,unseeded,1884,65,8.415,96,-0.197932895589342,-0.5768674972273383,-0.7748003928166803,1395.4019469697482,0.2919926764169434,39.41901131628735,0.6407614254324617,1.8179707527160645,1395.4019469697482,39.41901131628735
成都大学::Ultra,成都大学,成都大学,Ultra,东部赛区,东部赛区,22,unseeded,1884,68,8.265,65,-0.4327722570499854,-0.2978752535266087,-0.7306475105765942,1401.3625860721597,0.2919926764169434,39.41901131628735,0.6509221782997872,1.8179707527160645,1401.3625860721597,39.41901131628735
华东理工大学::起源,华东理工大学,华东理工大学,起源,东部赛区,东部赛区,23,unseeded,1884,71,8.215,16,1.0937482754892867,0.31498443855866964,1.4087327140479564,1690.178916396474,0.2919926764169434,39.41901131628735,0.906046061107086,1.8179707527160645,1690.178916396474,39.41901131628735
太原科技大学::NewMaker,太原科技大学,太原科技大学,NewMaker,东部赛区,东部赛区,24,unseeded,1884,75,8.0,5,0.29049021005630493,0.8872418194479957,1.1777320295043006,1658.9938239830806,0.2919926764169434,39.41901131628735,0.1398510733797377,1.8179707527160645,1658.9938239830806,39.41901131628735
福建师范大学::PKA,福建师范大学,福建师范大学,PKA,东部赛区,东部赛区,25,unseeded,1884,85,7.375,88,0.01865629106760025,-0.5372526662748072,-0.5185963752072069,1429.989489347027,0.2919926764169434,39.41901131628735,0.11616611394223843,1.8179707527160645,1429.989489347027,39.41901131628735
青岛大学::未来,青岛大学,青岛大学,未来,东部赛区,东部赛区,26,unseeded,1884,90,7.1,75,-1.0352107176206145,-0.25512942778383796,-1.2903401454044525,1325.8040803703989,0.3649908455211792,49.273764145359195,0.5460749585647573,1.8179707527160645,1325.8040803703989,49.273764145359195
江苏大学::Aurora,江苏大学,江苏大学,Aurora,东部赛区,东部赛区,27,unseeded,1884,114,5.6,47,-0.903632640838623,0.043809330872744114,-0.859823309965879,1383.9238531546064,0.3649908455211792,49.273764145359195,0.6150737307414996,1.8179707527160645,1383.9238531546064,49.273764145359195
广西大学::ROBOTZ,广西大学,广西大学,ROBOTZ,东部赛区,东部赛区,28,unseeded,1884,120,5.425,57,-0.452374130487442,-0.25705271802334406,-0.7094268485107861,1404.2273754510438,0.2919926764169434,39.41901131628735,0.618338295537853,1.8179707527160645,1404.2273754510438,39.41901131628735
南京理工大学江阴校区::Combat,南京理工大学江阴校区,南京理工大学江阴校区,Combat,东部赛区,东部赛区,29,unseeded,1884,128,5.25,83,-0.11974029242992401,-0.7386238618348573,-0.8583641542647813,1384.1208391742546,0.2919926764169434,39.41901131628735,0.17917396945556743,1.8179707527160645,1384.1208391742546,39.41901131628735
杭州电子科技大学::PHOENIX,杭州电子科技大学,杭州电子科技大学,PHOENIX,东部赛区,东部赛区,30,unseeded,1884,163,4.48,55,0.039661407470703125,-0.014839133055786428,0.024822274414916697,1503.3510070460138,0.3649908455211792,49.273764145359195,0.13137186892065608,1.8179707527160645,1503.3510070460138,49.273764145359195
上海大学::SRM,上海大学,上海大学,SRM,东部赛区,东部赛区,31,unseeded,1884,191,3.975,64,-0.029770316556096077,-0.53660867008467,-0.566378986640766,1423.5388368034967,0.2919926764169434,39.41901131628735,0.17886798980400553,1.8179707527160645,1423.5388368034967,39.41901131628735
江南大学霞客湾校区::SHARK,江南大学霞客湾校区,江南大学霞客湾校区,SHARK,东部赛区,东部赛区,32,unseeded,1884,220,3.125,22,0.19577617943286896,0.8226428925946048,1.0184190720274737,1637.486574723709,0.2919926764169434,39.41901131628735,0.17968354263332964,1.8179707527160645,1637.486574723709,39.41901131628735
东北大学::TDT,东北大学,东北大学,TDT,北部赛区,北部赛区,1,tier1,1884,3,22.7,8,2.660080302973965,0.3982389452890796,3.0583192482630444,1912.873098515511,0.2919926764169434,39.41901131628735,0.8590366593319205,1.8179707527160645,1912.873098515511,39.41901131628735
哈尔滨工业大学::I Hiter,哈尔滨工业大学,哈尔滨工业大学,I Hiter,北部赛区,北部赛区,2,tier1,1884,9,19.3,23,1.3146143954138971,0.09802577059209977,1.4126401660059968,1690.7064224108096,0.3649908455211792,49.273764145359195,0.894351999515126,1.8179707527160645,1690.7064224108096,49.273764145359195
西安交通大学::笃行,西安交通大学,西安交通大学,笃行,北部赛区,北部赛区,3,tier1,1884,10,18.8,1,1.759032414402651,0.3155679914850458,2.074600405887697,1780.071054794839,0.2919926764169434,39.41901131628735,0.8965882469634471,1.8179707527160645,1780.071054794839,39.41901131628735
哈尔滨工业大学（威海）::HERO,哈尔滨工业大学（威海）,哈尔滨工业大学（威海）,HERO,北部赛区,北部赛区,4,tier1,1884,15,17.2,28,1.5035279908793058,0.3059122920025719,1.8094402828818776,1744.2744381890534,0.2919926764169434,39.41901131628735,0.8971216330956874,1.8179707527160645,1744.2744381890534,39.41901131628735
大连理工大学::凌BUG,大连理工大学,大连理工大学,凌BUG,北部赛区,北部赛区,5,tier1,1884,16,17.18,41,1.2442184612141836,0.034252959650803716,1.2784714208649872,1672.5936418167732,0.2919926764169434,39.41901131628735,0.914134808624304,1.8179707527160645,1672.5936418167732,39.41901131628735
太原工业学院::火线,太原工业学院,太原工业学院,火线,北部赛区,北部赛区,6,tier1,1884,17,17.0,13,2.4449817393214364,0.359780483630805,2.8047622229522413,1878.6429000985527,0.2919926764169434,39.41901131628735,0.8877677103367423,1.8179707527160645,1878.6429000985527,39.41901131628735
吉林大学::TARS Go,吉林大学,吉林大学,TARS Go,北部赛区,北部赛区,7,tier1,1884,23,14.9,56,1.5319431970008317,-0.0325241843725246,1.4994190126283071,1702.4215667048215,0.2919926764169434,39.41901131628735,0.8814844886892202,1.8179707527160645,1702.4215667048215,39.41901131628735
哈尔滨工程大学::创梦之翼,哈尔滨工程大学,哈尔滨工程大学,创梦之翼,北部赛区,北部赛区,8,tier1,1884,25,14.78,52,0.9228350542091197,-0.1962168168807644,0.7266182373283553,1598.093462039328,0.2919926764169434,39.41901131628735,0.8117960964262116,1.8179707527160645,1598.093462039328,39.41901131628735
同济大学::SuperPower,同济大学,同济大学,SuperPower,北部赛区,北部赛区,9,tier2,1884,27,14.4,18,2.301007218761056,0.09001213380507951,2.391019352566136,1822.7876125964283,0.2919926764169434,39.41901131628735,0.919811876787974,1.8179707527160645,1822.7876125964283,39.41901131628735
西安电子科技大学::IRobot,西安电子科技大学,西安电子科技大学,IRobot,北部赛区,北部赛区,10,tier2,1884,35,12.965,67,1.2231680242484841,0.5342657061012804,1.7574337303497645,1737.2535535972181,0.2919926764169434,39.41901131628735,0.632650820401748,1.8179707527160645,1737.2535535972181,39.41901131628735
西北工业大学::WMJ,西北工业大学,西北工业大学,WMJ,北部赛区,北部赛区,11,tier2,1884,36,12.5,9,1.9201487056233595,0.22489967002099542,2.145048375644355,1789.5815307119879,0.2919926764169434,39.41901131628735,0.9166728548082341,1.8179707527160645,1789.5815307119879,39.41901131628735
北京理工大学::追梦,北京理工大学,北京理工大学,追梦,北部赛区,北部赛区,12,tier2,1884,43,11.3,11,0.35870513525608616,0.5868034847536469,0.945508620009733,1627.643663701314,0.2919926764169434,39.41901131628735,0.5815854146393442,1.8179707527160645,1627.643663701314,39.41901131628735
应急管理大学::风暴,应急管理大学,应急管理大学,风暴,东部赛区,北部赛区,13,tier2,1884,44,11.28,6,1.0993737272706299,0.3691149868221424,1.4684887140927723,1698.2459764025243,0.2919926764169434,39.41901131628735,0.8670211385276639,1.8179707527160645,1698.2459764025243,39.41901131628735
北方工业大学::DreamTeam,北方工业大学,北方工业大学,DreamTeam,北部赛区,北部赛区,14,tier2,1884,45,11.0,31,0.8890771269798279,0.06018766080097553,0.9492647877808034,1628.1507463504086,0.2919926764169434,39.41901131628735,0.922443680791967,1.8179707527160645,1628.1507463504086,39.41901131628735
天津大学::北洋机甲,天津大学,天津大学,北洋机甲,北部赛区,北部赛区,15,tier2,1884,46,10.86,63,0.5988378184912188,-0.0580874851373492,0.5407503333538696,1573.0012950027724,0.3649908455211792,49.273764145359195,0.8919799962497319,1.8179707527160645,1573.0012950027724,49.273764145359195
四川大学::火锅,四川大学,四川大学,火锅,北部赛区,北部赛区,16,tier2,1884,50,9.85,73,0.30228596150219444,-0.22783267980253127,0.07445328169966317,1510.0511930294545,0.2919926764169434,39.41901131628735,0.9151524193777315,1.8179707527160645,1510.0511930294545,39.41901131628735
沈阳理工大学::Ambition,沈阳理工大学,沈阳理工大学,Ambition,北部赛区,北部赛区,17,unseeded,1884,51,9.505,24,0.17749723139995285,0.3045360893110431,0.4820333207109959,1565.0744982959845,0.2919926764169434,39.41901131628735,0.767319880817145,1.8179707527160645,1565.0744982959845,39.41901131628735
香港科技大学::ENTERPRIZE,香港科技大学,香港科技大学,ENTERPRIZE,北部赛区,北部赛区,18,unseeded,1884,55,9.25,72,0.0900055396961959,-0.4430019718867326,-0.3529964321905367,1452.3454816542776,0.2919926764169434,39.41901131628735,0.5264929714401263,1.8179707527160645,1452.3454816542776,39.41901131628735
东北大学秦皇岛分校::征龙凌沧,东北大学秦皇岛分校,东北大学秦皇岛分校,征龙凌沧,北部赛区,北部赛区,19,unseeded,1884,63,8.515,45,-0.019008700909340853,0.02775461085765747,0.008745909948316616,1501.1806978430227,0.2919926764169434,39.41901131628735,0.6502436060030058,1.8179707527160645,1501.1806978430227,39.41901131628735
长安大学::VGD,长安大学,长安大学,VGD,北部赛区,北部赛区,20,unseeded,1884,72,8.17,17,-0.39082760834651586,0.16476456877208112,-0.22606303957443474,1469.4814896574512,0.2919926764169434,39.41901131628735,0.6093956999764969,1.8179707527160645,1469.4814896574512,39.41901131628735
北京信息科技大学::星辰,北京信息科技大学,北京信息科技大学,星辰,北部赛区,北部赛区,21,unseeded,1884,74,8.07,93,-0.992035400643148,-0.5551368051774612,-1.5471722058206092,1291.1317522142178,0.3649908455211792,49.273764145359195,0.5500259103962417,1.8179707527160645,1291.1317522142178,49.273764145359195
山东理工大学::齐奇,山东理工大学,山东理工大学,齐奇,北部赛区,北部赛区,22,unseeded,1884,77,7.9,43,-0.10153968510288813,-0.19572885497330947,-0.29726854007619763,1459.8687470897132,0.2919926764169434,39.41901131628735,0.6015127105241092,1.8179707527160645,1459.8687470897132,39.41901131628735
河北科技大学::Actor&Thinker,河北科技大学,河北科技大学,Actor&Thinker,北部赛区,北部赛区,23,unseeded,1884,79,7.85,39,0.2511928220124662,0.3265206483243336,0.5777134703367998,1577.991318495468,0.2919926764169434,39.41901131628735,0.6022997245621721,1.8179707527160645,1577.991318495468,39.41901131628735
成都信息工程大学::风信子,成都信息工程大学,成都信息工程大学,风信子,北部赛区,北部赛区,24,unseeded,1884,82,7.775,50,0.1399569809436798,0.0015607148420253773,0.1415176957857052,1519.1048889310703,0.2919926764169434,39.41901131628735,0.6151392310964295,1.8179707527160645,1519.1048889310703,39.41901131628735
华北理工大学::Horizon,华北理工大学,华北理工大学,Horizon,北部赛区,北部赛区,25,unseeded,1884,84,7.6,29,-0.914950815975939,-0.1540562834505633,-1.0690070994265022,1355.6840415774222,0.2919926764169434,39.41901131628735,0.5536283325360347,1.8179707527160645,1355.6840415774222,39.41901131628735
香港大学::HerKules,香港大学,香港大学,HerKules,北部赛区,北部赛区,26,unseeded,1884,88,7.275,86,-0.04307115450501442,-0.6263468305370251,-0.6694179850420395,1409.6285720193246,0.3649908455211792,49.273764145359195,0.12778256889212314,1.8179707527160645,1409.6285720193246,49.273764145359195
常州大学::Climber,常州大学,常州大学,Climber,北部赛区,北部赛区,27,unseeded,1884,99,6.225,92,-0.14077556133270264,-0.8934812396638612,-1.0342568009965638,1360.375331865464,0.2919926764169434,39.41901131628735,0.11709523899444946,1.8179707527160645,1360.375331865464,39.41901131628735
华南师范大学::PIONEER,华南师范大学,华南师范大学,PIONEER,北部赛区,北部赛区,28,unseeded,1884,114,5.6,81,-0.02652798406779766,-0.48958301264973475,-0.5161109967175324,1430.3250154431332,0.3649908455211792,49.273764145359195,0.12066988685416036,1.8179707527160645,1430.3250154431332,49.273764145359195
内蒙古科技大学::雷霆,内蒙古科技大学,内蒙古科技大学,雷霆,北部赛区,北部赛区,29,unseeded,1884,118,5.575,80,-0.10896773636341095,-0.7008117555587154,-0.8097794919221264,1390.679768590513,0.2919926764169434,39.41901131628735,0.11674123689685802,1.8179707527160645,1390.679768590513,39.41901131628735
香港科技大学（广州）::PnX,香港科技大学（广州）,香港科技大学（广州）,PnX,北部赛区,北部赛区,30,unseeded,1884,120,5.425,44,-0.26181185245513916,0.0635915824414673,-0.19822027001367187,1473.2402635481542,0.3649908455211792,49.273764145359195,0.6165662094771409,1.8179707527160645,1473.2402635481542,49.273764145359195
辽宁石油化工大学::TCN,辽宁石油化工大学,辽宁石油化工大学,TCN,北部赛区,北部赛区,31,unseeded,1884,134,5.025,82,-0.17957650125026703,-0.7417454211853737,-0.9213219224356407,1375.6215404711886,0.2919926764169434,39.41901131628735,0.17841150010388906,1.8179707527160645,1375.6215404711886,39.41901131628735
复旦大学::星云EGA,复旦大学,复旦大学,星云EGA,北部赛区,北部赛区,32,unseeded,1884,220,3.125,49,-0.035400208085775375,-0.37856322505286755,-0.4139634331386429,1444.1149365262831,0.2919926764169434,39.41901131628735,0.18030672638562717,1.8179707527160645,1444.1149365262831,39.41901131628735
上海交通大学::交龙,上海交通大学,上海交通大学,交龙,南部赛区,南部赛区,1,tier1,1884,1,25.0,46,2.9175294339778945,0.1988512315635591,3.1163806655414534,1920.7113898480961,0.2919926764169434,39.41901131628735,0.8802764740993422,1.8179707527160645,1920.7113898480961,39.41901131628735
华南理工大学::华南虎,华南理工大学,华南理工大学,华南虎,南部赛区,南部赛区,2,tier1,1884,2,23.3,12,2.0877270016316167,0.1094696635658145,2.1971966651974313,1796.6215498016531,0.2919926764169434,39.41901131628735,0.888403058773941,1.8179707527160645,1796.6215498016531,39.41901131628735
华南农业大学::Taurus,华南农业大学,华南农业大学,Taurus,南部赛区,南部赛区,3,tier1,1884,5,20.1,3,2.155220458112437,0.32892463239337194,2.484145090505809,1835.359587218284,0.2919926764169434,39.41901131628735,0.8932940496649591,1.8179707527160645,1835.359587218284,39.41901131628735
广东工业大学::DynamicX,广东工业大学,广东工业大学,DynamicX,南部赛区,南部赛区,4,tier1,1884,6,20.0,36,1.8961173249689292,-0.11461625891744372,1.7815010660514854,1740.5026439169505,0.2919926764169434,39.41901131628735,0.8724075403100819,1.8179707527160645,1740.5026439169505,39.41901131628735
深圳大学::RobotPilots,深圳大学,深圳大学,RobotPilots,南部赛区,南部赛区,5,tier1,1884,6,20.0,25,1.7803646238407302,-0.0825871531042428,1.6977774707364874,1729.199958549426,0.2919926764169434,39.41901131628735,0.8778307269320895,1.8179707527160645,1729.199958549426,39.41901131628735
太原理工大学::TRoMaC,太原理工大学,太原理工大学,TRoMaC,南部赛区,南部赛区,6,tier1,1884,13,18.04,30,1.86621818838967,0.07252438258465925,1.9387425709743293,1761.7302470815343,0.2919926764169434,39.41901131628735,0.8733568290013812,1.8179707527160645,1761.7302470815343,39.41901131628735
五邑大学::IMCA,五邑大学,五邑大学,IMCA,南部赛区,南部赛区,7,tier1,1884,17,17.0,4,1.2785635833524065,0.12311518495624364,1.4016787683086502,1689.226633721668,0.2919926764169434,39.41901131628735,0.8903615249223108,1.8179707527160645,1689.226633721668,39.41901131628735
电子科技大学中山学院::RoboBraver,电子科技大学中山学院,电子科技大学中山学院,RoboBraver,南部赛区,南部赛区,8,tier1,1884,20,16.64,37,1.2152379687841606,-0.11343945682722806,1.1017985119569325,1648.7427991141858,0.2919926764169434,39.41901131628735,0.8868031817109477,1.8179707527160645,1648.7427991141858,39.41901131628735
南昌大学::Passion,南昌大学,南昌大学,Passion,东部赛区,南部赛区,9,tier2,1884,21,15.7,62,1.2548589897683786,-0.07656628783352455,1.1782927019348541,1659.0695147612053,0.2919926764169434,39.41901131628735,0.8680794155130984,1.8179707527160645,1659.0695147612053,39.41901131628735
中南大学::FYT,中南大学,中南大学,FYT,南部赛区,南部赛区,10,tier2,1884,22,15.5,21,1.1962956833050435,0.2374476707218993,1.4337433540269429,1693.5553527936372,0.2919926764169434,39.41901131628735,0.8832082906010167,1.8179707527160645,1693.5553527936372,39.41901131628735
桂林电子科技大学::Evolution,桂林电子科技大学,桂林电子科技大学,Evolution,南部赛区,南部赛区,11,tier2,1884,28,14.365,32,0.17467643163526198,-0.11098656835835614,0.06368986327690583,1508.5981315423824,0.2919926764169434,39.41901131628735,0.6357490300526475,1.8179707527160645,1508.5981315423824,39.41901131628735
武汉工程大学::Nautilus,武汉工程大学,武汉工程大学,Nautilus,东部赛区,南部赛区,12,tier2,1884,29,14.3,14,1.9163506379880397,0.3396760082444041,2.256026646232444,1804.56359724138,0.2919926764169434,39.41901131628735,0.9228777249674829,1.8179707527160645,1804.56359724138,39.41901131628735
华中科技大学::狼牙,华中科技大学,华中科技大学,狼牙,东部赛区,南部赛区,13,tier2,1884,33,13.34,78,0.9128422040694029,0.14815923139080772,1.0610014354602106,1643.2351937871285,0.2919926764169434,39.41901131628735,0.812181857849467,1.8179707527160645,1643.2351937871285,39.41901131628735
桂林信息科技学院::GIRT,桂林信息科技学院,桂林信息科技学院,GIRT,南部赛区,南部赛区,14,tier2,1884,34,12.975,68,0.5275689750374775,-0.13027300296509942,0.39729597207237805,1553.634956229771,0.2919926764169434,39.41901131628735,0.8217691041299251,1.8179707527160645,1553.634956229771,39.41901131628735
国防科技大学::军临,国防科技大学,国防科技大学,军临,南部赛区,南部赛区,15,tier2,1884,49,10.56,54,0.11728757657887823,-0.03183959755360836,0.08544797902526988,1511.5354771684115,0.2919926764169434,39.41901131628735,0.5823307797022401,1.8179707527160645,1511.5354771684115,39.41901131628735
广州城市理工学院::野狼,广州城市理工学院,广州城市理工学院,野狼,南部赛区,南部赛区,16,tier2,1884,52,9.465,27,0.4166659766398051,0.5511883411945349,0.96785431783434,1630.6603329076358,0.2919926764169434,39.41901131628735,0.6299263451628985,1.8179707527160645,1630.6603329076358,39.41901131628735
厦门大学嘉庚学院::TCR,厦门大学嘉庚学院,厦门大学嘉庚学院,TCR,南部赛区,南部赛区,17,unseeded,1884,56,9.235,74,-0.4226774862984617,-0.2027376646166663,-0.625415150915128,1415.5689546264578,0.2919926764169434,39.41901131628735,0.8042318174068908,1.8179707527160645,1415.5689546264578,39.41901131628735
东莞理工学院::ACE,东莞理工学院,东莞理工学院,ACE,南部赛区,南部赛区,18,unseeded,1884,61,8.61,2,0.8005104192735679,0.5754487050093567,1.3759591242829248,1685.7544817781948,0.2919926764169434,39.41901131628735,0.6327885753704177,1.8179707527160645,1685.7544817781948,39.41901131628735
桂林理工大学::群星,桂林理工大学,桂林理工大学,群星,南部赛区,南部赛区,19,unseeded,1884,69,8.25,58,0.005031796861546249,0.49981602289428034,0.5048478197558266,1568.1544556670365,0.2919926764169434,39.41901131628735,0.600618219754533,1.8179707527160645,1568.1544556670365,39.41901131628735
南华大学::MA,南华大学,南华大学,MA,南部赛区,南部赛区,20,unseeded,1884,77,7.9,48,-0.6855626589536716,0.03799109074445473,-0.6475715682092169,1412.5778382917556,0.3649908455211792,49.273764145359195,0.596271602180787,1.8179707527160645,1412.5778382917556,49.273764145359195
深圳技术大学::悍匠,深圳技术大学,深圳技术大学,悍匠,南部赛区,南部赛区,21,unseeded,1884,79,7.85,59,-0.5586505793330394,-0.3168221745359083,-0.8754727538689477,1381.8111782276922,0.2919926764169434,39.41901131628735,0.6032394596809741,1.8179707527160645,1381.8111782276922,39.41901131628735
湘潭大学::逐曦,湘潭大学,湘潭大学,逐曦,南部赛区,南部赛区,22,unseeded,1884,92,6.85,71,-1.2524449201426897,-0.19127043766107882,-1.4437153578037685,1305.0984266964913,0.3649908455211792,49.273764145359195,0.5530942926192128,1.8179707527160645,1305.0984266964913,49.273764145359195
西交利物浦大学::GMaster,西交利物浦大学,西交利物浦大学,GMaster,南部赛区,南部赛区,23,unseeded,1884,96,6.28,79,-0.053728923201560974,-0.42795676164102187,-0.48168568484258284,1434.9724325462514,0.3649908455211792,49.273764145359195,0.1776159794943367,1.8179707527160645,1434.9724325462514,49.273764145359195
仲恺农业工程学院::奇点,仲恺农业工程学院,仲恺农业工程学院,奇点,南部赛区,南部赛区,24,unseeded,1884,100,6.165,15,0.5074801608441672,0.16591634478699738,0.6733965056311646,1590.9085282602073,0.2919926764169434,39.41901131628735,0.6457104325606584,1.8179707527160645,1590.9085282602073,39.41901131628735
长沙理工大学::云嵌,长沙理工大学,长沙理工大学,云嵌,南部赛区,南部赛区,25,unseeded,1884,105,5.975,51,-0.6833106279373169,-0.23189672729916688,-0.9152073552364838,1376.4470070430748,0.2919926764169434,39.41901131628735,0.567703954431353,1.8179707527160645,1376.4470070430748,39.41901131628735
重庆理工大学::士继DREAMER,重庆理工大学,重庆理工大学,士继DREAMER,北部赛区,南部赛区,26,unseeded,1884,128,5.25,90,-0.839725136756897,-0.49758837892691876,-1.3373135156838156,1319.462675382685,0.3649908455211792,49.273764145359195,0.5730233771522325,1.8179707527160645,1319.462675382685,49.273764145359195
广州航海学院::ICBK破冰船,广州航海学院,广州航海学院,ICBK破冰船,南部赛区,南部赛区,27,unseeded,1884,152,4.65,60,0.12514008581638336,0.3011357281202749,0.42627581393665825,1557.547234881449,0.2919926764169434,39.41901131628735,0.1785317532584492,1.8179707527160645,1557.547234881449,39.41901131628735
武汉科技大学::崇实,武汉科技大学,武汉科技大学,崇实,东部赛区,南部赛区,28,unseeded,1884,152,4.65,35,0.06821960210800171,0.1384362481044494,0.20665585021245111,1527.898539778681,0.2919926764169434,39.41901131628735,0.11670202222124677,1.8179707527160645,1527.898539778681,39.41901131628735
华南师范大学（佛山校区）::VANGUARD,华南师范大学（佛山校区）,华南师范大学（佛山校区）,VANGUARD,南部赛区,南部赛区,29,unseeded,1884,182,4.175,89,-0.13621847331523895,-0.8086963445407319,-0.9449148178559709,1372.4364995894439,0.2919926764169434,39.41901131628735,0.17865844907305417,1.8179707527160645,1372.4364995894439,39.41901131628735
武汉大学::珞珈狐,武汉大学,武汉大学,珞珈狐,南部赛区,南部赛区,30,unseeded,1884,185,4.13,95,-0.0559387281537056,-0.8824089763928219,-0.9383477045465275,1373.3230598862187,0.2919926764169434,39.41901131628735,0.1754098467779115,1.8179707527160645,1373.3230598862187,39.41901131628735
厦门理工学院::PFA,厦门理工学院,厦门理工学院,PFA,南部赛区,南部赛区,31,unseeded,1884,190,4.0,87,0.005046614911407232,-0.8233333737241504,-0.8182867588127432,1389.5312875602797,0.2919926764169434,39.41901131628735,0.1216536545219159,1.8179707527160645,1389.5312875602797,39.41901131628735
厦门大学::RCS,厦门大学,厦门大学,RCS,南部赛区,南部赛区,32,unseeded,1884,193,3.9,70,-0.06642622500658035,-0.251856565686829,-0.31828279069340937,1457.0318232563898,0.3649908455211792,49.273764145359195,0.12063986682525212,1.8179707527160645,1457.0318232563898,49.273764145359195
